Study, KinectConfig, Scenario, Tracker_Time, Person#, Skeleton#, Skeleton_Time, Skeleton_Init_Angle, Skeleton_Init_Dist, Kinect#, Kinect_Tilt_Angle, Kinect_Height, AnkleLeft_X, AnkleLeft_Y, AnkleLeft_Z, AnkleRight_X, AnkleRight_Y, AnkleRight_Z, ElbowLeft_X, ElbowLeft_Y, ElbowLeft_Z, ElbowRight_X, ElbowRight_Y, ElbowRight_Z, FootLeft_X, FootLeft_Y, FootLeft_Z, FootRight_X, FootRight_Y, FootRight_Z, HandLeft_X, HandLeft_Y, HandLeft_Z, HandRight_X, HandRight_Y, HandRight_Z, HandTipLeft_X, HandTipLeft_Y, HandTipLeft_Z, HandTipRight_X, HandTipRight_Y, HandTipRight_Z, Head_X, Head_Y, Head_Z, HipLeft_X, HipLeft_Y, HipLeft_Z, HipRight_X, HipRight_Y, HipRight_Z, KneeLeft_X, KneeLeft_Y, KneeLeft_Z, KneeRight_X, KneeRight_Y, KneeRight_Z, Neck_X, Neck_Y, Neck_Z, ShoulderLeft_X, ShoulderLeft_Y, ShoulderLeft_Z, ShoulderRight_X, ShoulderRight_Y, ShoulderRight_Z, SpineBase_X, SpineBase_Y, SpineBase_Z, SpineMid_X, SpineMid_Y, SpineMid_Z, SpineShoulder_X, SpineShoulder_Y, SpineShoulder_Z, ThumbLeft_X, ThumbLeft_Y, ThumbLeft_Z, ThumbRight_X, ThumbRight_Y, ThumbRight_Z, WristLeft_X, WristLeft_Y, WristLeft_Z, WristRight_X, WristRight_Y, WristRight_Z
7, 2, 6, 63562202067194, 0, 0, 268253089190, -0.877689499178534, 2.329251, 138.251.207.136, 0, 100, 0.2231312, -1.454204, 2.265537, 0.4882056, -1.395863, 2.115272, 0.1350873, -0.5782804, 2.590998, 0.4611564, -0.4342852, 2.276582, 0.1181923, -1.459403, 2.169366, 0.4129828, -1.477764, 2.083975, 0.05064559, -0.8624421, 2.450412, 0.3852301, -0.7036198, 2.071628, 0.05269986, -0.92237, 2.432397, 0.3621148, -0.7593137, 2.030538, 0.2131663, -0.008215964, 2.574864, 0.2030703, -0.7094616, 2.379443, 0.3099329, -0.6815141, 2.283329, 0.3235506, -1.133173, 2.300141, 0.3985734, -1.016264, 2.108166, 0.2796505, -0.1417886, 2.518332, 0.1636587, -0.2888865, 2.657246, 0.3921802, -0.2378395, 2.377752, 0.2602147, -0.705544, 2.364789, 0.2710273, -0.4211043, 2.448385, 0.2778229, -0.2109832, 2.503174, 0.0557007, -0.8439912, 2.413917, 0.3995578, -0.7202992, 2.032518, 0.07218614, -0.7975089, 2.495102, 0.4211161, -0.6244313, 2.135213
7, 2, 6, 63562202067194, 0, 1, 604836540001, 0.467233851682777, 2.388081, 138.251.213.82, 0, 100, 0.188545, -1.492133, 2.48875, 0.4206113, -1.492747, 2.305889, 0.1605966, -0.4534578, 2.538182, 0.4689223, -0.5113104, 2.188454, 0.1206545, -1.572473, 2.441068, 0.3655431, -1.561404, 2.234933, 0.03666043, -0.7750802, 2.459369, 0.398306, -0.7728903, 2.10614, 0.03120951, -0.8364009, 2.43777, 0.3837166, -0.8397079, 2.101619, 0.3214615, 0.07219833, 2.297998, 0.2359023, -0.7264645, 2.374786, 0.32937, -0.7383605, 2.24458, 0.201487, -1.16648, 2.460464, 0.3816738, -1.16258, 2.286393, 0.3117088, -0.07821208, 2.368852, 0.2103162, -0.2083351, 2.484835, 0.4240212, -0.2119312, 2.223746, 0.3217808, -0.7354707, 2.311532, 0.3238747, -0.4015473, 2.341285, 0.3171755, -0.1576062, 2.362275, 0.05861425, -0.7645844, 2.422817, 0.3579844, -0.8157011, 2.085279, 0.05961631, -0.6979122, 2.487436, 0.4279118, -0.7247382, 2.122888
7, 2, 6, 63562202067250, 0, 0, 268253429797, -0.877689499178534, 2.329251, 138.251.207.136, 0, 100, 0.3117786, -1.430906, 2.259362, 0.4878248, -1.395472, 2.115787, 0.1350456, -0.5782505, 2.591298, 0.461174, -0.4315233, 2.277618, 0.3303255, -1.475216, 2.131297, 0.4123345, -1.4773, 2.085701, 0.05090803, -0.8613639, 2.450681, 0.3866925, -0.6998894, 2.074333, 0.05004394, -0.9187322, 2.430357, 0.3612486, -0.7544874, 2.030738, 0.2125602, -0.008280933, 2.574754, 0.2031195, -0.7094195, 2.379418, 0.3099905, -0.681454, 2.283259, 0.151949, -1.077865, 2.325324, 0.3985751, -1.016069, 2.107716, 0.2794947, -0.141748, 2.51852, 0.163669, -0.2888024, 2.657198, 0.3920507, -0.2377304, 2.377664, 0.2602669, -0.7054857, 2.364736, 0.2710004, -0.4210672, 2.44841, 0.2777048, -0.2109393, 2.503311, 0.0586658, -0.8412782, 2.41435, 0.4006679, -0.7103837, 2.035731, 0.07207574, -0.7975528, 2.495053, 0.4211517, -0.6238208, 2.135359
7, 2, 6, 63562202067250, 0, 1, 604836880157, 0.467233851682777, 2.388081, 138.251.213.82, 0, 100, 0.1885485, -1.49211, 2.488749, 0.4206186, -1.492759, 2.305893, 0.1604431, -0.4536404, 2.538101, 0.4687676, -0.5113087, 2.188241, 0.1223148, -1.572464, 2.43989, 0.3662952, -1.561274, 2.234567, 0.0351418, -0.7754351, 2.459225, 0.3983614, -0.7729102, 2.10618, 0.0329226, -0.839736, 2.435105, 0.3808364, -0.8393638, 2.101713, 0.3212977, 0.07222205, 2.29811, 0.2357658, -0.7263838, 2.374708, 0.3292494, -0.7381789, 2.244504, 0.201198, -1.166971, 2.460622, 0.3816671, -1.162437, 2.286265, 0.3116972, -0.07818145, 2.368872, 0.210142, -0.2083797, 2.484798, 0.4239854, -0.2119227, 2.223697, 0.3216389, -0.7353365, 2.311446, 0.323811, -0.4014773, 2.341262, 0.3171566, -0.1575704, 2.362285, 0.01671901, -0.7756588, 2.423644, 0.3427642, -0.7883251, 2.115416, 0.05956446, -0.6975427, 2.487142, 0.4264726, -0.7245054, 2.122495
7, 2, 6, 63562202067284, 0, 0, 268253759266, -0.877689499178534, 2.329251, 138.251.207.136, 0, 100, 0.3118176, -1.43088, 2.259502, 0.4901428, -1.395474, 2.114194, 0.1349455, -0.5784748, 2.59126, 0.4611579, -0.4315458, 2.277198, 0.329199, -1.476159, 2.131885, 0.4182554, -1.479061, 2.080919, 0.05003583, -0.8613872, 2.450565, 0.3857618, -0.6999497, 2.073303, 0.04891969, -0.9194552, 2.429355, 0.3614092, -0.7539691, 2.030917, 0.2127906, -0.008278131, 2.575123, 0.2032409, -0.7093669, 2.379258, 0.3101059, -0.6812662, 2.283, 0.1523891, -1.077848, 2.325016, 0.3974442, -1.016964, 2.109347, 0.2792849, -0.1417357, 2.518706, 0.1634464, -0.2890352, 2.65727, 0.3917674, -0.2375539, 2.377715, 0.2603845, -0.7053612, 2.364519, 0.2709712, -0.4210338, 2.448406, 0.2775554, -0.2109148, 2.503428, 0.0656518, -0.8543231, 2.420048, 0.3968143, -0.7213618, 2.0297, 0.07204059, -0.7975438, 2.494884, 0.4211367, -0.6235595, 2.135372
7, 2, 6, 63562202067284, 0, 1, 604837209227, 0.467233851682777, 2.388081, 138.251.213.82, 0, 100, 0.1885717, -1.491616, 2.488719, 0.4206405, -1.492962, 2.305921, 0.1603327, -0.4535729, 2.538078, 0.4687315, -0.5112472, 2.188132, 0.1232262, -1.571949, 2.439192, 0.3665676, -1.561127, 2.234125, 0.03587058, -0.7752993, 2.458545, 0.3981796, -0.7711703, 2.105604, 0.02889423, -0.8362654, 2.436943, 0.3832765, -0.8396478, 2.10162, 0.3212216, 0.072375, 2.298416, 0.2357525, -0.7263831, 2.374659, 0.3291879, -0.7381544, 2.244386, 0.2010599, -1.166768, 2.460595, 0.3816565, -1.162324, 2.286189, 0.3116007, -0.07815415, 2.368839, 0.2101275, -0.2083783, 2.484765, 0.4239436, -0.2118648, 2.223611, 0.3215977, -0.735325, 2.311356, 0.3237326, -0.4014564, 2.341184, 0.3170663, -0.157544, 2.36224, 0.05815922, -0.7649809, 2.422445, 0.3572715, -0.8160549, 2.080265, 0.05952655, -0.6973705, 2.486966, 0.4263873, -0.7243993, 2.122262
7, 2, 6, 63562202067318, 0, 0, 268254089087, -0.877689499178534, 2.329251, 138.251.207.136, 0, 100, 0.2880145, -1.433254, 2.265111, 0.4912929, -1.39579, 2.112291, 0.1347572, -0.5786432, 2.591661, 0.46101, -0.4314991, 2.276825, 0.3606035, -1.481365, 2.168752, 0.4212292, -1.480017, 2.074897, 0.05091172, -0.8605994, 2.449587, 0.3858877, -0.699475, 2.07439, 0.04831198, -0.9166493, 2.426275, 0.361155, -0.754585, 2.032206, 0.2129382, -0.008149862, 2.575428, 0.2032411, -0.7093669, 2.379261, 0.3100682, -0.6811212, 2.282801, 0.1362528, -1.074302, 2.305471, 0.396717, -1.017717, 2.11101, 0.2792222, -0.1418044, 2.518836, 0.1633204, -0.2891322, 2.657204, 0.3914806, -0.2375446, 2.377607, 0.2603725, -0.7053202, 2.364472, 0.2709445, -0.4210289, 2.448419, 0.2774972, -0.2109576, 2.503523, 0.05419187, -0.8453271, 2.416291, 0.3962818, -0.7232884, 2.029154, 0.07177554, -0.7977552, 2.494637, 0.4210894, -0.6230958, 2.135702
7, 2, 6, 63562202067318, 0, 1, 604837539979, 0.467233851682777, 2.388081, 138.251.213.82, 0, 100, 0.1886574, -1.491592, 2.488747, 0.4206467, -1.493018, 2.305963, 0.1600191, -0.4535669, 2.537978, 0.4684924, -0.5110046, 2.188016, 0.1227112, -1.571587, 2.438919, 0.3681404, -1.560702, 2.233228, 0.03448072, -0.775058, 2.458896, 0.3949631, -0.7717737, 2.106012, 0.0302572, -0.8373878, 2.438226, 0.378027, -0.8390352, 2.10182, 0.3207557, 0.07221407, 2.298626, 0.2354003, -0.7265012, 2.374665, 0.3290634, -0.7382177, 2.244307, 0.2006759, -1.167036, 2.460611, 0.3816473, -1.162344, 2.28618, 0.3111986, -0.07798296, 2.368893, 0.2099729, -0.208389, 2.484755, 0.4234076, -0.2116835, 2.223484, 0.3213631, -0.7354149, 2.311302, 0.3234215, -0.4014305, 2.341158, 0.316695, -0.1574128, 2.362266, 0.05504499, -0.7600882, 2.424498, 0.3631097, -0.7780288, 2.083325, 0.05946346, -0.6968647, 2.486774, 0.4263084, -0.724183, 2.122155
7, 2, 6, 63562202067351, 0, 0, 268254429801, -0.877689499178534, 2.329251, 138.251.207.136, 0, 100, 0.308969, -1.432749, 2.260453, 0.4896773, -1.396047, 2.113231, 0.13446, -0.5795161, 2.591458, 0.4602418, -0.438392, 2.273839, 0.3398935, -1.485192, 2.14382, 0.4179872, -1.479596, 2.076456, 0.04967533, -0.8628907, 2.448416, 0.3857457, -0.6993711, 2.073722, 0.05164284, -0.9196403, 2.429168, 0.3619882, -0.7546813, 2.032511, 0.2133548, -0.007618845, 2.575987, 0.2028449, -0.7094973, 2.379149, 0.309703, -0.6813374, 2.282727, 0.1521339, -1.077473, 2.314338, 0.3969476, -1.017772, 2.110948, 0.2790588, -0.1417502, 2.519211, 0.1622885, -0.2899475, 2.657033, 0.3912326, -0.2373596, 2.377661, 0.2599754, -0.7054838, 2.364364, 0.2706924, -0.4210541, 2.448536, 0.2773036, -0.2109283, 2.503827, 0.05849418, -0.844945, 2.410685, 0.3945388, -0.7209978, 2.02785, 0.07159282, -0.7977649, 2.494462, 0.4208766, -0.6226553, 2.135998
7, 2, 6, 63562202067351, 0, 1, 604837880014, 0.467233851682777, 2.388081, 138.251.213.82, 0, 100, 0.1886643, -1.491564, 2.488723, 0.420405, -1.492354, 2.306189, 0.1598903, -0.4533839, 2.538013, 0.4685664, -0.5108021, 2.18779, 0.1229053, -1.571443, 2.438528, 0.3690506, -1.560292, 2.233467, 0.03519885, -0.7747192, 2.458696, 0.3968405, -0.7732991, 2.105837, 0.03319246, -0.8376337, 2.437931, 0.3772136, -0.8389382, 2.10185, 0.3205044, 0.07232529, 2.298799, 0.2353952, -0.7265011, 2.374659, 0.3290289, -0.7382275, 2.244246, 0.2005235, -1.16653, 2.460597, 0.3816394, -1.162309, 2.286144, 0.3111258, -0.07797712, 2.368912, 0.2097939, -0.2084638, 2.484806, 0.4232484, -0.2115403, 2.223335, 0.321341, -0.7354182, 2.311271, 0.323374, -0.4014291, 2.341142, 0.3166316, -0.1574076, 2.362273, 0.02641052, -0.7765462, 2.419698, 0.3668193, -0.7717531, 2.082732, 0.05959098, -0.6963302, 2.48671, 0.4260277, -0.723929, 2.121922
7, 2, 6, 63562202067411, 0, 0, 268254759087, -0.877689499178534, 2.329251, 138.251.207.136, 0, 100, 0.3098301, -1.432143, 2.260708, 0.4923421, -1.396473, 2.110159, 0.1341983, -0.5803288, 2.591485, 0.4597307, -0.4408112, 2.272742, 0.3374479, -1.483492, 2.141587, 0.4239739, -1.481016, 2.066334, 0.05004597, -0.8620667, 2.451752, 0.3848046, -0.699539, 2.073491, 0.04891631, -0.9193274, 2.429022, 0.3594322, -0.7533733, 2.030384, 0.2128531, -0.007758677, 2.576068, 0.2028915, -0.7095195, 2.37909, 0.3097566, -0.6813508, 2.282583, 0.1523147, -1.07766, 2.316803, 0.3959655, -1.019134, 2.113641, 0.2789402, -0.1417686, 2.519311, 0.1614065, -0.2907866, 2.657516, 0.3907963, -0.2374071, 2.377316, 0.2600242, -0.7054973, 2.364258, 0.2706735, -0.4210561, 2.448535, 0.2772123, -0.210942, 2.503895, 0.02859175, -0.8543745, 2.441833, 0.3959567, -0.7161778, 2.031461, 0.07157996, -0.7977766, 2.494456, 0.4208018, -0.6223553, 2.13612
7, 2, 6, 63562202067411, 0, 1, 604838209117, 0.467233851682777, 2.388081, 138.251.213.82, 0, 100, 0.1887524, -1.49152, 2.488735, 0.4203466, -1.492322, 2.306214, 0.1598361, -0.4533638, 2.537987, 0.468375, -0.5106067, 2.187695, 0.1231394, -1.571364, 2.43837, 0.3695908, -1.560277, 2.233384, 0.03480798, -0.7750779, 2.45921, 0.3935941, -0.7727472, 2.10442, 0.03592345, -0.8401484, 2.435439, 0.3771403, -0.8389269, 2.101851, 0.3203073, 0.07227308, 2.298928, 0.2349932, -0.7265094, 2.37472, 0.3284942, -0.7382382, 2.244218, 0.2004245, -1.16673, 2.460621, 0.3816344, -1.162308, 2.286136, 0.3111276, -0.07797927, 2.368928, 0.2093861, -0.2084954, 2.484812, 0.4228488, -0.2113901, 2.22325, 0.320851, -0.7354277, 2.311285, 0.3232403, -0.4014323, 2.341158, 0.3166212, -0.157409, 2.362286, 0.06091903, -0.7573806, 2.425474, 0.3568965, -0.8149601, 2.081472, 0.0595677, -0.6963178, 2.486661, 0.4254243, -0.7236265, 2.121667
7, 2, 6, 63562202067451, 0, 0, 268255089020, -0.877689499178534, 2.329251, 138.251.207.136, 0, 100, 0.3099913, -1.431682, 2.260256, 0.4925103, -1.396324, 2.109578, 0.1341319, -0.5803397, 2.591427, 0.4596948, -0.4395595, 2.273103, 0.3358601, -1.482133, 2.139626, 0.4245568, -1.480961, 2.064861, 0.04983254, -0.8617032, 2.45053, 0.3847948, -0.6993857, 2.07405, 0.04836845, -0.917813, 2.429358, 0.3619745, -0.754316, 2.03232, 0.2106991, -0.009316266, 2.575793, 0.2028871, -0.7094803, 2.379044, 0.3097899, -0.6812784, 2.282471, 0.1523451, -1.077687, 2.317914, 0.3957437, -1.01929, 2.113961, 0.2787841, -0.141723, 2.519297, 0.1614141, -0.2908069, 2.657474, 0.3906125, -0.2373855, 2.377376, 0.2600327, -0.7054322, 2.364171, 0.2705939, -0.4209969, 2.448492, 0.2770734, -0.210893, 2.503878, 0.01992404, -0.8641922, 2.44475, 0.3942236, -0.7193071, 2.027519, 0.07153009, -0.7977384, 2.494527, 0.420533, -0.6217893, 2.136677
7, 2, 6, 63562202067451, 0, 1, 604838539801, 0.467233851682777, 2.388081, 138.251.213.82, 0, 100, 0.1886261, -1.491761, 2.488561, 0.4203597, -1.492305, 2.306216, 0.159853, -0.4530502, 2.538043, 0.4682922, -0.5101579, 2.187731, 0.1220052, -1.571382, 2.438431, 0.3681973, -1.560024, 2.233427, 0.03474651, -0.7743015, 2.459209, 0.3946323, -0.7716865, 2.105899, 0.03457405, -0.8390403, 2.437356, 0.3783951, -0.8390795, 2.101813, 0.3201755, 0.07230347, 2.298975, 0.2349931, -0.726481, 2.374698, 0.3284682, -0.7381182, 2.244123, 0.2004433, -1.166913, 2.460736, 0.3816274, -1.162158, 2.286042, 0.3110636, -0.07801169, 2.368927, 0.2092828, -0.2085106, 2.484842, 0.4228501, -0.2109098, 2.22321, 0.3208366, -0.7353584, 2.311228, 0.323199, -0.4014189, 2.341129, 0.3165659, -0.1574269, 2.362276, 0.05554631, -0.7563248, 2.4267, 0.3604179, -0.8153686, 2.082201, 0.05952546, -0.6961334, 2.486561, 0.4249811, -0.7230861, 2.121567
7, 2, 6, 63562202067501, 0, 0, 268255429783, -0.877689499178534, 2.329251, 138.251.207.136, 0, 100, 0.3076954, -1.433035, 2.262197, 0.4924026, -1.396116, 2.110157, 0.1339399, -0.5811029, 2.591353, 0.4594845, -0.442017, 2.272187, 0.3318816, -1.4855, 2.142753, 0.4241505, -1.480823, 2.066332, 0.05004661, -0.8606563, 2.451338, 0.3848226, -0.6994532, 2.074609, 0.04962286, -0.917821, 2.429711, 0.3622041, -0.7539976, 2.031806, 0.2111813, -0.00902462, 2.576123, 0.2026442, -0.7097045, 2.379066, 0.3095055, -0.681456, 2.282416, 0.1525562, -1.077963, 2.317921, 0.3959104, -1.019265, 2.113683, 0.2787075, -0.141746, 2.519379, 0.1609921, -0.2915376, 2.6573, 0.3903202, -0.2373699, 2.377295, 0.2597631, -0.7056236, 2.364145, 0.2704098, -0.4210764, 2.448543, 0.2769688, -0.210929, 2.503961, 0.02498965, -0.8547181, 2.443782, 0.3969947, -0.7117903, 2.034275, 0.07140623, -0.7978641, 2.494503, 0.420265, -0.6207498, 2.136945
7, 2, 6, 63562202067501, 0, 1, 604838879953, 0.467233851682777, 2.388081, 138.251.213.82, 0, 100, 0.1886515, -1.491707, 2.488473, 0.4200113, -1.492092, 2.30637, 0.1595933, -0.4529968, 2.538008, 0.4681255, -0.5102512, 2.187656, 0.1217206, -1.57125, 2.438396, 0.3680423, -1.55986, 2.233588, 0.03423977, -0.7745681, 2.459414, 0.3929802, -0.7711138, 2.105887, 0.02934881, -0.8368371, 2.43772, 0.3753639, -0.8387203, 2.101927, 0.3200693, 0.07238436, 2.299126, 0.2347591, -0.7264917, 2.374714, 0.3281562, -0.7380754, 2.244019, 0.200366, -1.166848, 2.460793, 0.3816185, -1.16214, 2.286042, 0.3109872, -0.07797235, 2.368956, 0.2088933, -0.2086066, 2.484956, 0.422163, -0.2110958, 2.222938, 0.3205535, -0.7353433, 2.311183, 0.3230124, -0.4013811, 2.34112, 0.3164669, -0.1573865, 2.362296, 0.05198884, -0.7616879, 2.42444, 0.3640154, -0.7764817, 2.081962, 0.05948952, -0.6960297, 2.48652, 0.4235973, -0.7228635, 2.121058
7, 2, 6, 63562202067569, 0, 0, 268255759015, -0.877689499178534, 2.329251, 138.251.207.136, 0, 100, 0.2860587, -1.433449, 2.264032, 0.4949553, -1.396072, 2.107004, 0.1338607, -0.5812728, 2.591301, 0.4597389, -0.4400177, 2.271966, 0.3497324, -1.477761, 2.155578, 0.4295336, -1.48142, 2.058197, 0.04994962, -0.8610855, 2.451792, 0.3849261, -0.6997169, 2.074785, 0.04838675, -0.9179728, 2.429775, 0.362058, -0.7534374, 2.031023, 0.2121464, -0.008166313, 2.576902, 0.2026631, -0.7097011, 2.378992, 0.3095295, -0.6813368, 2.282116, 0.1365236, -1.075275, 2.311683, 0.3952093, -1.020107, 2.115457, 0.278647, -0.1416913, 2.519456, 0.1607819, -0.2917159, 2.657359, 0.3900716, -0.2373656, 2.377227, 0.2597834, -0.7055685, 2.363964, 0.270382, -0.4210393, 2.448526, 0.2769174, -0.2108819, 2.504009, 0.02724051, -0.8461358, 2.451833, 0.397641, -0.7167509, 2.031467, 0.07131873, -0.7978651, 2.494488, 0.4202406, -0.6205935, 2.136922
7, 2, 6, 63562202067569, 0, 1, 604839209069, 0.467233851682777, 2.388081, 138.251.213.82, 0, 100, 0.1888207, -1.491469, 2.48844, 0.4199746, -1.491499, 2.306002, 0.159604, -0.4529719, 2.538033, 0.4680399, -0.510187, 2.187608, 0.121675, -1.571164, 2.438819, 0.3681507, -1.559887, 2.233894, 0.03483519, -0.7744836, 2.4598, 0.395441, -0.7727135, 2.105462, 0.03389746, -0.8381565, 2.439671, 0.3768443, -0.8388959, 2.101864, 0.3200239, 0.07255435, 2.299297, 0.2346923, -0.7265189, 2.37471, 0.328055, -0.7380784, 2.243994, 0.2014003, -1.166, 2.459941, 0.3814554, -1.161923, 2.285951, 0.3106959, -0.07790238, 2.369011, 0.2086443, -0.2085493, 2.484897, 0.4221153, -0.2110226, 2.222892, 0.3204633, -0.7353599, 2.311166, 0.3228112, -0.4013625, 2.341117, 0.3161979, -0.1573294, 2.362332, 0.05145009, -0.7586514, 2.425767, 0.3568973, -0.81495, 2.081469, 0.05946931, -0.696053, 2.486509, 0.4236079, -0.7228322, 2.121068
7, 2, 6, 63562202067632, 0, 0, 268256088988, -0.877689499178534, 2.329251, 138.251.207.136, 0, 100, 0.2867054, -1.433118, 2.264582, 0.4920501, -1.395774, 2.110045, 0.1337465, -0.5812734, 2.591063, 0.4598834, -0.4382263, 2.272169, 0.3508407, -1.477414, 2.15634, 0.4230415, -1.480264, 2.067035, 0.04874417, -0.8618329, 2.449576, 0.3848482, -0.6993539, 2.073597, 0.04844494, -0.9190782, 2.432691, 0.3627461, -0.7546791, 2.032108, 0.2123255, -0.008038223, 2.576958, 0.2026892, -0.7097, 2.378978, 0.309567, -0.6812631, 2.281977, 0.1366006, -1.075304, 2.31196, 0.3962711, -1.019034, 2.113333, 0.2785144, -0.1416103, 2.519549, 0.1607328, -0.2917545, 2.657311, 0.3898113, -0.2372778, 2.377161, 0.2598158, -0.7055372, 2.363899, 0.2703454, -0.4209984, 2.448527, 0.2768092, -0.2108113, 2.504078, 0.05146617, -0.8867159, 2.449, 0.3963578, -0.720799, 2.029782, 0.07124309, -0.7977999, 2.494472, 0.4201069, -0.6205114, 2.13684
7, 2, 6, 63562202067632, 0, 1, 604839539733, 0.467233851682777, 2.388081, 138.251.213.82, 0, 100, 0.1888256, -1.491484, 2.488414, 0.4199457, -1.491471, 2.306013, 0.1595672, -0.4529598, 2.538011, 0.4677718, -0.5103178, 2.1875, 0.1214125, -1.57109, 2.438799, 0.3677577, -1.55986, 2.233991, 0.03289361, -0.775585, 2.459085, 0.3934579, -0.7718829, 2.106073, 0.03379652, -0.840865, 2.434749, 0.3761719, -0.8387532, 2.103054, 0.3198877, 0.0725708, 2.299382, 0.2346328, -0.7266501, 2.374667, 0.3279988, -0.7381477, 2.24389, 0.2008617, -1.166491, 2.460099, 0.3814536, -1.161922, 2.285947, 0.3104827, -0.0779469, 2.368989, 0.2085802, -0.2085601, 2.484943, 0.422067, -0.211112, 2.222846, 0.3204018, -0.7354583, 2.311088, 0.3226685, -0.4014357, 2.341053, 0.3160027, -0.1573805, 2.362297, 0.05099565, -0.7656652, 2.422057, 0.3559718, -0.8161521, 2.081159, 0.05892399, -0.6965598, 2.486174, 0.4235327, -0.7229606, 2.120862
7, 2, 6, 63562202067678, 0, 0, 268256429818, -0.877689499178534, 2.329251, 138.251.207.136, 0, 100, 0.2885251, -1.432315, 2.265229, 0.4894515, -1.395237, 2.113521, 0.1336802, -0.5816082, 2.591027, 0.459318, -0.4408531, 2.270956, 0.3543843, -1.476217, 2.157609, 0.4173259, -1.478837, 2.076582, 0.04876569, -0.862094, 2.451685, 0.3847516, -0.6990835, 2.074546, 0.04895985, -0.9201465, 2.431189, 0.3606017, -0.7540425, 2.031292, 0.2127588, -0.007804096, 2.577246, 0.2027009, -0.7096778, 2.37879, 0.3095829, -0.6812608, 2.281963, 0.1366948, -1.075318, 2.312058, 0.3971677, -1.017969, 2.111117, 0.2784745, -0.1416184, 2.519603, 0.1604794, -0.2920631, 2.657205, 0.3897018, -0.2372427, 2.37712, 0.2598335, -0.7055224, 2.363815, 0.2703333, -0.4209943, 2.448524, 0.2767753, -0.210815, 2.504114, 0.04547843, -0.8801997, 2.448638, 0.3967707, -0.7129874, 2.033162, 0.07116559, -0.7978233, 2.494458, 0.4199972, -0.6203527, 2.136882
7, 2, 6, 63562202067678, 0, 1, 604839879930, 0.467233851682777, 2.388081, 138.251.213.82, 0, 100, 0.1889054, -1.49154, 2.488515, 0.4199942, -1.491561, 2.306016, 0.1595317, -0.452949, 2.538001, 0.4677462, -0.5104104, 2.187298, 0.1208774, -1.571022, 2.439087, 0.3670278, -1.560835, 2.235222, 0.03378189, -0.7749166, 2.45984, 0.3952635, -0.7707238, 2.105719, 0.03241158, -0.8399593, 2.436183, 0.3798084, -0.8387878, 2.099896, 0.3197907, 0.07270455, 2.299529, 0.2347311, -0.726716, 2.37462, 0.3280127, -0.7382202, 2.243765, 0.2006429, -1.1669, 2.460333, 0.3814541, -1.161818, 2.285892, 0.3105155, -0.07784534, 2.369041, 0.2085398, -0.2085532, 2.484954, 0.4218438, -0.2112655, 2.222778, 0.3204493, -0.735521, 2.311008, 0.3226795, -0.4014281, 2.341045, 0.3160266, -0.1573156, 2.362322, 0.05220376, -0.7616318, 2.424383, 0.3576137, -0.8138273, 2.081462, 0.05882241, -0.6965261, 2.48616, 0.4233887, -0.7230718, 2.120778
7, 2, 6, 63562202067733, 0, 0, 268256759108, -0.877689499178534, 2.329251, 138.251.207.136, 0, 100, 0.3199646, -1.426104, 2.254689, 0.4908772, -1.395664, 2.11226, 0.1336287, -0.5815257, 2.590887, 0.4592939, -0.4343726, 2.273948, 0.3406682, -1.469251, 2.126171, 0.4206558, -1.479958, 2.072827, 0.04866956, -0.8609852, 2.450341, 0.3849922, -0.6992516, 2.074449, 0.0490261, -0.9209812, 2.433355, 0.3615139, -0.7538316, 2.031991, 0.2131889, -0.007690787, 2.577292, 0.2027132, -0.7096374, 2.378779, 0.3095519, -0.6811432, 2.281854, 0.1529903, -1.078198, 2.323261, 0.3965096, -1.018461, 2.11217, 0.2783929, -0.1416281, 2.519667, 0.1605029, -0.2920157, 2.657236, 0.3895335, -0.2372393, 2.377074, 0.2598276, -0.7054392, 2.363758, 0.270287, -0.4209608, 2.448528, 0.2767009, -0.2108118, 2.504164, 0.05466197, -0.9339338, 2.4415, 0.395708, -0.7165016, 2.031273, 0.07113329, -0.7977962, 2.494448, 0.4199946, -0.6201562, 2.136921
7, 2, 6, 63562202067733, 0, 1, 604840208973, 0.467233851682777, 2.388081, 138.251.213.82, 0, 100, 0.1890578, -1.492078, 2.488713, 0.4199635, -1.491505, 2.306003, 0.1592845, -0.4531367, 2.537918, 0.4675468, -0.5104318, 2.187183, 0.1202935, -1.571152, 2.438994, 0.3662705, -1.560773, 2.235384, 0.03466752, -0.7749338, 2.460292, 0.3926267, -0.7718309, 2.105212, 0.0289631, -0.8376431, 2.438248, 0.3756575, -0.8387603, 2.101925, 0.3197165, 0.07267982, 2.299525, 0.2346643, -0.7267296, 2.374547, 0.3280066, -0.7381825, 2.243707, 0.2005575, -1.167056, 2.460327, 0.381345, -1.161728, 2.285803, 0.3104689, -0.07784492, 2.369078, 0.2082816, -0.2086673, 2.485003, 0.4218238, -0.2112554, 2.222736, 0.3204142, -0.735507, 2.310943, 0.3226404, -0.4014213, 2.341031, 0.3159845, -0.1573126, 2.362342, 0.02766426, -0.774498, 2.421188, 0.3523364, -0.8169152, 2.082578, 0.05867966, -0.6967466, 2.486096, 0.4234734, -0.7231759, 2.120792
7, 2, 6, 63562202067783, 0, 0, 268257429791, -0.877689499178534, 2.329251, 138.251.207.136, 0, 100, 0.3170616, -1.42809, 2.25426, 0.4922445, -1.395905, 2.109646, 0.133464, -0.5814568, 2.590619, 0.4589084, -0.4377205, 2.273117, 0.3356454, -1.471809, 2.12572, 0.4225771, -1.480256, 2.069184, 0.04946752, -0.8613449, 2.450319, 0.3850561, -0.6996749, 2.075563, 0.04896258, -0.920148, 2.431189, 0.3620473, -0.7547835, 2.033578, 0.2130444, -0.007483125, 2.577284, 0.2026426, -0.7095437, 2.37846, 0.3095033, -0.6811175, 2.281726, 0.1529082, -1.078101, 2.322884, 0.3967255, -1.018209, 2.111626, 0.2782952, -0.1415231, 2.5201, 0.1605335, -0.2919992, 2.657175, 0.389337, -0.2372209, 2.377009, 0.2597559, -0.705369, 2.36354, 0.2702149, -0.4209009, 2.448562, 0.2765961, -0.2107177, 2.504472, 0.07113504, -0.8597958, 2.447866, 0.3973072, -0.719382, 2.031297, 0.07106374, -0.7977279, 2.494324, 0.4199672, -0.620032, 2.137012
7, 2, 6, 63562202067783, 0, 1, 604840208973, 0.467233851682777, 2.388081, 138.251.213.82, 0, 100, 0.1890578, -1.492078, 2.488713, 0.4199635, -1.491505, 2.306003, 0.1592845, -0.4531367, 2.537918, 0.4675468, -0.5104318, 2.187183, 0.1202935, -1.571152, 2.438994, 0.3662705, -1.560773, 2.235384, 0.03466752, -0.7749338, 2.460292, 0.3926267, -0.7718309, 2.105212, 0.0289631, -0.8376431, 2.438248, 0.3756575, -0.8387603, 2.101925, 0.3197165, 0.07267982, 2.299525, 0.2346643, -0.7267296, 2.374547, 0.3280066, -0.7381825, 2.243707, 0.2005575, -1.167056, 2.460327, 0.381345, -1.161728, 2.285803, 0.3104689, -0.07784492, 2.369078, 0.2082816, -0.2086673, 2.485003, 0.4218238, -0.2112554, 2.222736, 0.3204142, -0.735507, 2.310943, 0.3226404, -0.4014213, 2.341031, 0.3159845, -0.1573126, 2.362342, 0.02766426, -0.774498, 2.421188, 0.3523364, -0.8169152, 2.082578, 0.05867966, -0.6967466, 2.486096, 0.4234734, -0.7231759, 2.120792
7, 2, 6, 63562202067814, 0, 0, 268257759054, -0.877689499178534, 2.329251, 138.251.207.136, 0, 100, 0.2923784, -1.431498, 2.262722, 0.4913815, -1.395812, 2.109555, 0.1334581, -0.5814708, 2.590561, 0.4588079, -0.4410224, 2.272063, 0.366407, -1.476532, 2.163315, 0.4205962, -1.479685, 2.070067, 0.04931261, -0.8612167, 2.451408, 0.3847641, -0.7002837, 2.07605, 0.04834615, -0.9172771, 2.427941, 0.3626312, -0.7546312, 2.033358, 0.212365, -0.007716477, 2.577109, 0.2026417, -0.7095436, 2.378314, 0.3095378, -0.6811305, 2.281721, 0.1368585, -1.074801, 2.30599, 0.3970325, -1.017984, 2.111181, 0.2782708, -0.1415108, 2.520071, 0.1605796, -0.2919962, 2.656991, 0.3893467, -0.2372327, 2.376995, 0.2597757, -0.7053739, 2.363485, 0.2701991, -0.4208907, 2.448529, 0.2765735, -0.210707, 2.504447, 0.06404224, -0.8536566, 2.418667, 0.3977771, -0.7173527, 2.033276, 0.0709672, -0.7977097, 2.494205, 0.4200256, -0.6200401, 2.137142
7, 2, 6, 63562202067814, 0, 1, 604840539679, 0.467233851682777, 2.388081, 138.251.213.82, 0, 100, 0.1893089, -1.491995, 2.488909, 0.4199348, -1.491476, 2.306014, 0.1590473, -0.4533944, 2.537817, 0.4675276, -0.5104531, 2.187123, 0.1204359, -1.570759, 2.438629, 0.3657655, -1.560524, 2.235257, 0.03395008, -0.7740587, 2.459575, 0.3928728, -0.7721087, 2.105882, 0.0304658, -0.8360944, 2.439575, 0.3729994, -0.8384437, 2.102011, 0.3197144, 0.07270467, 2.299556, 0.2346287, -0.7267135, 2.374583, 0.3279581, -0.7381782, 2.243725, 0.2004851, -1.167154, 2.460346, 0.3812312, -1.161617, 2.285776, 0.3104458, -0.07785642, 2.369068, 0.2082548, -0.2086838, 2.485008, 0.4218026, -0.2112818, 2.222712, 0.3203698, -0.7354966, 2.310968, 0.3226016, -0.4014224, 2.34103, 0.3159576, -0.1573211, 2.362334, 0.05407968, -0.767153, 2.420204, 0.3563029, -0.8139352, 2.081369, 0.05860057, -0.6967025, 2.486022, 0.4234143, -0.7232006, 2.120762
7, 2, 6, 63562202067864, 0, 0, 268258089032, -0.877689499178534, 2.329251, 138.251.207.136, 0, 100, 0.2916735, -1.431677, 2.262943, 0.4943206, -1.394748, 2.109687, 0.1334192, -0.5814767, 2.590542, 0.4588965, -0.4428245, 2.271487, 0.3646507, -1.477104, 2.163067, 0.426392, -1.480233, 2.071348, 0.04916421, -0.8606957, 2.449983, 0.3853979, -0.6998984, 2.076112, 0.04835987, -0.9175587, 2.428692, 0.3618892, -0.7549406, 2.033528, 0.2126774, -0.007573307, 2.577245, 0.2026906, -0.709529, 2.378259, 0.3096212, -0.6809558, 2.281451, 0.1369009, -1.074816, 2.306275, 0.3970144, -1.017835, 2.110898, 0.2782868, -0.1415034, 2.520046, 0.1605816, -0.2920142, 2.65702, 0.3893377, -0.2372297, 2.376983, 0.2598436, -0.7052892, 2.363328, 0.2702178, -0.4208485, 2.448463, 0.2765875, -0.210695, 2.504421, 0.06550242, -0.8566144, 2.422855, 0.3986879, -0.7209059, 2.033389, 0.0709713, -0.7976167, 2.494303, 0.4201072, -0.6200694, 2.137203
7, 2, 6, 63562202067864, 0, 1, 604841208855, 0.467233851682777, 2.388081, 138.251.213.82, 0, 100, 0.1893461, -1.491997, 2.488973, 0.4198676, -1.490986, 2.30593, 0.1591313, -0.4534959, 2.537739, 0.467469, -0.5103409, 2.187094, 0.120705, -1.570724, 2.438446, 0.3659615, -1.560263, 2.235371, 0.03327598, -0.7741095, 2.459282, 0.3949113, -0.7727883, 2.106171, 0.03411123, -0.83771, 2.438473, 0.3796501, -0.8387669, 2.099897, 0.3196966, 0.07271808, 2.299558, 0.2349208, -0.7267739, 2.37405, 0.3283102, -0.738138, 2.243323, 0.2003963, -1.167337, 2.460369, 0.3811452, -1.161548, 2.285703, 0.3104766, -0.07786995, 2.369048, 0.2082368, -0.2086815, 2.484997, 0.4216231, -0.2111965, 2.222694, 0.3206816, -0.7355044, 2.310492, 0.3227213, -0.4014385, 2.34085, 0.316003, -0.1573355, 2.362289, 0.01432142, -0.7747301, 2.42449, 0.3640412, -0.7720469, 2.082612, 0.05882834, -0.6961275, 2.48605, 0.423695, -0.7231975, 2.120921
7, 2, 6, 63562202067922, 0, 0, 268258429773, -0.877689499178534, 2.329251, 138.251.207.136, 0, 100, 0.311354, -1.430526, 2.259667, 0.4989552, -1.393287, 2.109679, 0.1333119, -0.5814825, 2.59021, 0.4589761, -0.4436018, 2.271178, 0.339853, -1.480323, 2.139199, 0.4352249, -1.480999, 2.072637, 0.04945445, -0.8609946, 2.449497, 0.3851015, -0.7001883, 2.076077, 0.04834548, -0.9172766, 2.427941, 0.3615833, -0.754295, 2.032536, 0.213293, -0.007402122, 2.57753, 0.202551, -0.7095028, 2.378139, 0.3094396, -0.6810942, 2.281474, 0.1514114, -1.077667, 2.317429, 0.3971941, -1.017791, 2.110691, 0.2782711, -0.1415183, 2.520021, 0.1605283, -0.29209, 2.657069, 0.3893098, -0.2372491, 2.376966, 0.2596983, -0.7053294, 2.363272, 0.2701317, -0.4208674, 2.448424, 0.2765591, -0.2107107, 2.504397, 0.05733484, -0.8445409, 2.4134, 0.3970683, -0.7150598, 2.033344, 0.07081276, -0.7976344, 2.494165, 0.4201358, -0.6200597, 2.137185
7, 2, 6, 63562202067922, 0, 1, 604841539533, 0.467233851682777, 2.388081, 138.251.213.82, 0, 100, 0.1891637, -1.491826, 2.48893, 0.4199037, -1.491, 2.305921, 0.1591029, -0.4535227, 2.537754, 0.4685894, -0.5102791, 2.188682, 0.1209751, -1.570686, 2.438342, 0.3655325, -1.56005, 2.235215, 0.03391713, -0.7748225, 2.45935, 0.3925835, -0.7724917, 2.107127, 0.03284232, -0.840816, 2.434221, 0.3759062, -0.8383276, 2.100045, 0.319694, 0.07272077, 2.299591, 0.234807, -0.7267629, 2.373968, 0.3283259, -0.7381122, 2.243302, 0.2002698, -1.167709, 2.460443, 0.3811487, -1.161642, 2.285706, 0.3102899, -0.07791382, 2.369025, 0.2081893, -0.2087375, 2.485034, 0.4216731, -0.2111877, 2.222666, 0.3206546, -0.7354856, 2.310451, 0.322625, -0.4014391, 2.340802, 0.3158416, -0.1573647, 2.362257, 0.05314723, -0.7634926, 2.422291, 0.3612569, -0.7751771, 2.084199, 0.05872139, -0.6960155, 2.48597, 0.4239047, -0.7225616, 2.121113
7, 2, 6, 63562202067954, 0, 0, 268258759340, -0.877689499178534, 2.329251, 138.251.207.136, 0, 100, 0.2985273, -1.430993, 2.263799, 0.4968951, -1.393386, 2.110303, 0.1331104, -0.5815415, 2.59082, 0.459006, -0.4440918, 2.270964, 0.3592297, -1.477268, 2.155761, 0.4309655, -1.480181, 2.074093, 0.04980159, -0.861206, 2.449296, 0.3849976, -0.7006123, 2.075519, 0.04891618, -0.9191744, 2.428606, 0.3624217, -0.7544291, 2.032205, 0.2134825, -0.007515967, 2.577409, 0.2025741, -0.7095007, 2.378144, 0.3094397, -0.6810062, 2.281419, 0.1414129, -1.075906, 2.311202, 0.3974225, -1.017471, 2.110178, 0.2782568, -0.1415079, 2.519998, 0.1605542, -0.292071, 2.657099, 0.3893099, -0.2372363, 2.376954, 0.2597107, -0.7052989, 2.363254, 0.2701201, -0.4208422, 2.448406, 0.276545, -0.210698, 2.504379, 0.06988847, -0.8545716, 2.433588, 0.3975253, -0.7181887, 2.032116, 0.07082807, -0.7976032, 2.49408, 0.4200728, -0.6201062, 2.137307
7, 2, 6, 63562202067954, 0, 1, 604841879666, 0.467233851682777, 2.388081, 138.251.213.82, 0, 100, 0.189158, -1.491822, 2.488921, 0.4199821, -1.491325, 2.305995, 0.159083, -0.4534865, 2.537723, 0.4671413, -0.5105779, 2.188414, 0.1210869, -1.570615, 2.438115, 0.3646602, -1.559744, 2.234809, 0.03268535, -0.7748134, 2.45866, 0.3940054, -0.7742097, 2.107959, 0.02943662, -0.8397841, 2.436508, 0.3766319, -0.8412545, 2.102788, 0.3195933, 0.07270223, 2.299649, 0.2347398, -0.7267492, 2.373964, 0.3279694, -0.738193, 2.243248, 0.1999356, -1.167104, 2.460309, 0.3810807, -1.161647, 2.285635, 0.3101249, -0.07798475, 2.368975, 0.2079881, -0.2087424, 2.485087, 0.4216615, -0.2111925, 2.222651, 0.3204626, -0.735504, 2.310424, 0.3224276, -0.4014839, 2.340746, 0.3156671, -0.1574281, 2.362203, 0.05346532, -0.7587184, 2.425263, 0.3529058, -0.8178874, 2.085681, 0.05839953, -0.6958299, 2.485779, 0.4233851, -0.7230374, 2.120967
7, 2, 6, 63562202068008, 0, 0, 268259089072, -0.877689499178534, 2.329251, 138.251.207.136, 0, 100, 0.3126962, -1.429076, 2.260628, 0.4941908, -1.393685, 2.112559, 0.1330591, -0.5817418, 2.591038, 0.4595408, -0.4419678, 2.271831, 0.3445189, -1.478961, 2.141421, 0.425964, -1.479569, 2.077901, 0.05001295, -0.8609526, 2.450704, 0.3852682, -0.7004417, 2.075493, 0.04916839, -0.9215077, 2.431336, 0.3607632, -0.7547617, 2.033522, 0.2135954, -0.008505106, 2.577183, 0.2025929, -0.7094982, 2.378115, 0.3094679, -0.6809421, 2.281364, 0.1504072, -1.077522, 2.317131, 0.3974304, -1.017378, 2.11002, 0.278236, -0.1414664, 2.52018, 0.1605069, -0.2922465, 2.65716, 0.3893101, -0.2372431, 2.376944, 0.2597328, -0.7052658, 2.363204, 0.2701137, -0.4208151, 2.448429, 0.2765249, -0.2106577, 2.504515, 0.05919148, -0.8455054, 2.412571, 0.3963755, -0.722842, 2.029152, 0.07084212, -0.7975746, 2.494002, 0.4200759, -0.6201141, 2.137336
7, 2, 6, 63562202068008, 0, 1, 604842208776, 0.467233851682777, 2.388081, 138.251.213.82, 0, 100, 0.1891478, -1.491818, 2.488929, 0.4198058, -1.491259, 2.305712, 0.159058, -0.4534821, 2.537743, 0.4670668, -0.5105182, 2.188215, 0.121143, -1.570561, 2.437976, 0.3647169, -1.559965, 2.234803, 0.0336619, -0.7743565, 2.45804, 0.3954186, -0.7742291, 2.107545, 0.03036419, -0.8375931, 2.436363, 0.3741202, -0.8409522, 2.102874, 0.3195907, 0.07268995, 2.2997, 0.2346432, -0.7267576, 2.373908, 0.3280124, -0.7381861, 2.243215, 0.1999078, -1.167183, 2.460295, 0.3810133, -1.161607, 2.285566, 0.3100959, -0.07803053, 2.368997, 0.2080188, -0.2087371, 2.485128, 0.4216388, -0.2111427, 2.222642, 0.3204506, -0.735504, 2.310394, 0.3224092, -0.4014984, 2.340736, 0.315642, -0.1574618, 2.362213, 0.0538318, -0.7596567, 2.424372, 0.3637635, -0.7680836, 2.085284, 0.05842516, -0.6957883, 2.485727, 0.4233791, -0.7230625, 2.121003
7, 2, 6, 63562202068042, 0, 0, 268259429777, -0.877689499178534, 2.329251, 138.251.207.136, 0, 100, 0.2988866, -1.430379, 2.263246, 0.492924, -1.394385, 2.11237, 0.1334529, -0.5806974, 2.589983, 0.4595773, -0.4432665, 2.271378, 0.3610365, -1.478164, 2.158069, 0.4247085, -1.480022, 2.074628, 0.05049314, -0.861639, 2.449507, 0.3853234, -0.7004199, 2.076115, 0.04892933, -0.9197362, 2.430105, 0.361074, -0.7543466, 2.032334, 0.2130785, -0.008383095, 2.577242, 0.2026365, -0.7094964, 2.378108, 0.3094447, -0.6808909, 2.281403, 0.141367, -1.075745, 2.309119, 0.3964069, -1.018115, 2.111423, 0.2782876, -0.1414662, 2.52014, 0.161148, -0.2914724, 2.657584, 0.3892705, -0.2373802, 2.376911, 0.2597392, -0.7052501, 2.363209, 0.270123, -0.4208042, 2.448424, 0.2765573, -0.2106535, 2.504493, 0.05730504, -0.8400406, 2.412312, 0.3960609, -0.7237499, 2.029043, 0.07083777, -0.7975779, 2.494004, 0.4200904, -0.6201382, 2.137369
7, 2, 6, 63562202068042, 0, 1, 604842539454, 0.467233851682777, 2.388081, 138.251.213.82, 0, 100, 0.1893232, -1.491678, 2.488693, 0.4201063, -1.49155, 2.305721, 0.1590256, -0.4536443, 2.53768, 0.4667369, -0.5105227, 2.188279, 0.1201615, -1.570391, 2.438517, 0.3665348, -1.559991, 2.2341, 0.03544433, -0.7744534, 2.458374, 0.3940243, -0.773572, 2.107616, 0.02883062, -0.8367639, 2.437654, 0.3757442, -0.8411486, 2.102824, 0.3195867, 0.07272279, 2.299762, 0.2346993, -0.72676, 2.373903, 0.327955, -0.7380933, 2.243174, 0.1997291, -1.16727, 2.460325, 0.3810185, -1.161608, 2.285559, 0.3102956, -0.0780012, 2.369117, 0.2079593, -0.2087902, 2.485221, 0.4217019, -0.2110506, 2.222628, 0.320453, -0.7354841, 2.310381, 0.3224525, -0.4014758, 2.340749, 0.3157879, -0.1574317, 2.362295, 0.0230213, -0.7742917, 2.421261, 0.3549415, -0.7676708, 2.128731, 0.0583746, -0.6957806, 2.485679, 0.423466, -0.7231168, 2.121031
7, 2, 6, 63562202068088, 0, 0, 268259759107, -0.877689499178534, 2.329251, 138.251.207.136, 0, 100, 0.3061395, -1.4309, 2.262636, 0.4924807, -1.394219, 2.112761, 0.1335803, -0.580106, 2.590001, 0.460182, -0.4411828, 2.271722, 0.3462655, -1.483138, 2.149448, 0.4237443, -1.479693, 2.07567, 0.04964785, -0.8607007, 2.450774, 0.3854529, -0.7008017, 2.076248, 0.04886112, -0.9183154, 2.426355, 0.3616464, -0.7555858, 2.034891, 0.2132079, -0.00873369, 2.577202, 0.2026944, -0.7094482, 2.378129, 0.309467, -0.6809131, 2.281463, 0.1485318, -1.077, 2.313338, 0.3964657, -1.018044, 2.111262, 0.2782725, -0.1414812, 2.520161, 0.161496, -0.2909936, 2.658146, 0.3892861, -0.2373788, 2.376899, 0.2597662, -0.7052377, 2.363234, 0.2701195, -0.4208017, 2.448445, 0.2765437, -0.2106645, 2.504518, 0.06777126, -0.8480966, 2.428238, 0.39544, -0.7163018, 2.033167, 0.07083414, -0.7975713, 2.493937, 0.4201649, -0.620128, 2.137475
7, 2, 6, 63562202068088, 0, 1, 604842879591, 0.467233851682777, 2.388081, 138.251.213.82, 0, 100, 0.1895529, -1.491793, 2.488953, 0.4201376, -1.491562, 2.305705, 0.1591102, -0.4537786, 2.537627, 0.4699565, -0.509781, 2.189494, 0.1194677, -1.570132, 2.438712, 0.3657821, -1.559982, 2.234263, 0.03420483, -0.7749463, 2.458267, 0.3936095, -0.7744983, 2.107142, 0.02942565, -0.8363978, 2.437769, 0.3751861, -0.8415363, 2.102376, 0.3196245, 0.07267416, 2.299891, 0.2345611, -0.726693, 2.373999, 0.3278831, -0.7380772, 2.243284, 0.199651, -1.167652, 2.460447, 0.3810235, -1.16161, 2.285552, 0.3102727, -0.0780319, 2.369104, 0.207992, -0.2087736, 2.485276, 0.421977, -0.2108329, 2.222601, 0.3203443, -0.7354439, 2.31048, 0.3224056, -0.4014805, 2.340764, 0.3157624, -0.1574535, 2.362288, 0.01421565, -0.7740915, 2.424419, 0.3750992, -0.7749746, 2.133024, 0.05829963, -0.6959375, 2.48555, 0.4231157, -0.7215055, 2.121234
7, 2, 6, 63562202068133, 0, 0, 268260089018, -0.877689499178534, 2.329251, 138.251.207.136, 0, 100, 0.2978537, -1.43096, 2.264111, 0.4920322, -1.394029, 2.111965, 0.1336659, -0.5801123, 2.589609, 0.4603271, -0.4396738, 2.272307, 0.3556533, -1.479523, 2.156676, 0.4228443, -1.479238, 2.074704, 0.04987054, -0.8619047, 2.449571, 0.3852326, -0.7009866, 2.07617, 0.04893823, -0.9198343, 2.430355, 0.3621872, -0.7536812, 2.031671, 0.2128942, -0.008417189, 2.577255, 0.2027667, -0.7094347, 2.378168, 0.3095099, -0.6808579, 2.28142, 0.1423003, -1.075932, 2.310901, 0.3964712, -1.017874, 2.110884, 0.278276, -0.1414894, 2.520136, 0.1615441, -0.2910841, 2.658247, 0.3892979, -0.2373964, 2.376887, 0.2598116, -0.7052051, 2.363227, 0.2701266, -0.4207931, 2.448436, 0.2765468, -0.2106672, 2.504503, 0.05768299, -0.8432496, 2.408643, 0.3966809, -0.7187853, 2.031743, 0.07079177, -0.7975661, 2.493942, 0.4201503, -0.6201623, 2.13756
7, 2, 6, 63562202068133, 0, 1, 604843208679, 0.467233851682777, 2.388081, 138.251.213.82, 0, 100, 0.1895363, -1.491682, 2.488771, 0.4203696, -1.491306, 2.305795, 0.1591683, -0.4538652, 2.537609, 0.4685244, -0.5099801, 2.189116, 0.1202016, -1.570399, 2.438728, 0.3657523, -1.559794, 2.234497, 0.034477, -0.7752685, 2.458219, 0.3942496, -0.7727447, 2.108551, 0.03114884, -0.8368415, 2.436963, 0.3752331, -0.8410992, 2.100568, 0.3199854, 0.07292354, 2.300217, 0.2345625, -0.7267101, 2.374032, 0.3278837, -0.7380885, 2.243286, 0.1997248, -1.167864, 2.460606, 0.3810369, -1.161586, 2.285525, 0.3102388, -0.07800174, 2.369128, 0.2080291, -0.2088267, 2.48533, 0.4221777, -0.2107025, 2.222614, 0.3203432, -0.7354562, 2.310491, 0.3223935, -0.4014773, 2.340774, 0.3157351, -0.1574318, 2.362308, 0.02717671, -0.7732182, 2.420336, 0.3811516, -0.8097509, 2.122748, 0.05845998, -0.6958129, 2.485551, 0.4230533, -0.7220278, 2.121184
7, 2, 6, 63562202068181, 0, 0, 268260429790, -0.877689499178534, 2.329251, 138.251.207.136, 0, 100, 0.2954639, -1.431115, 2.263056, 0.4905859, -1.39416, 2.11189, 0.1339492, -0.5787024, 2.590218, 0.461152, -0.4333559, 2.276374, 0.3550307, -1.479625, 2.156801, 0.4193052, -1.478384, 2.075163, 0.04999098, -0.8597478, 2.450737, 0.3850689, -0.7010691, 2.077833, 0.04883546, -0.9151027, 2.42511, 0.3613036, -0.7544728, 2.033401, 0.2134028, -0.008136749, 2.577526, 0.2028854, -0.7093686, 2.378102, 0.3094502, -0.6809646, 2.281751, 0.1413187, -1.075629, 2.309798, 0.3966669, -1.017737, 2.110748, 0.2783026, -0.1414738, 2.520104, 0.1625347, -0.2900225, 2.66045, 0.3892904, -0.2374215, 2.376931, 0.2598309, -0.7052022, 2.363261, 0.2701335, -0.4207857, 2.448438, 0.2765635, -0.2106559, 2.504488, 0.06652728, -0.8539274, 2.425565, 0.3964341, -0.7183656, 2.032322, 0.07078037, -0.7975409, 2.493875, 0.420197, -0.6201782, 2.137732
7, 2, 6, 63562202068181, 0, 1, 604843539378, 0.467233851682777, 2.388081, 138.251.213.82, 0, 100, 0.1893424, -1.491446, 2.48848, 0.4203052, -1.491464, 2.305744, 0.1591535, -0.4538621, 2.537608, 0.4676343, -0.5100195, 2.188985, 0.1202951, -1.5705, 2.438911, 0.3638738, -1.560486, 2.235599, 0.03466462, -0.7743188, 2.457975, 0.3944502, -0.7742848, 2.109437, 0.03368635, -0.8390822, 2.436964, 0.3788592, -0.8460501, 2.109218, 0.3199776, 0.07291698, 2.300232, 0.2345771, -0.7267154, 2.374072, 0.3277861, -0.738068, 2.243335, 0.1996845, -1.167646, 2.460614, 0.3809703, -1.161635, 2.285496, 0.3102704, -0.07803673, 2.36915, 0.2079769, -0.2089087, 2.485387, 0.4223663, -0.2105203, 2.222662, 0.3203175, -0.7354524, 2.310523, 0.3223925, -0.4014849, 2.340788, 0.3157541, -0.1574561, 2.362327, 0.05612238, -0.7544125, 2.427163, 0.388273, -0.7969154, 2.131828, 0.0583964, -0.6957447, 2.485493, 0.4231277, -0.7222638, 2.121204
7, 2, 6, 63562202068211, 0, 0, 268260759053, -0.877689499178534, 2.329251, 138.251.207.136, 0, 100, 0.2925811, -1.431005, 2.262906, 0.4904214, -1.393932, 2.112449, 0.1339587, -0.5787817, 2.590214, 0.4605021, -0.4390259, 2.27454, 0.3549761, -1.477541, 2.156127, 0.4190424, -1.478173, 2.076076, 0.04956795, -0.8619928, 2.45105, 0.3851286, -0.7007638, 2.077583, 0.04894121, -0.9197093, 2.430022, 0.3608947, -0.7545832, 2.034511, 0.2143078, -0.007693827, 2.578151, 0.2029473, -0.7093283, 2.378129, 0.3094763, -0.6808405, 2.281767, 0.1393792, -1.075311, 2.310262, 0.3966789, -1.017625, 2.110773, 0.27831, -0.1414785, 2.520122, 0.1625787, -0.2901211, 2.66053, 0.3893085, -0.2373871, 2.376978, 0.2598741, -0.7051226, 2.363281, 0.2701439, -0.4207584, 2.44846, 0.2765703, -0.2106544, 2.504508, 0.05598688, -0.8431445, 2.412067, 0.3958293, -0.7225052, 2.030714, 0.0707597, -0.7974838, 2.493987, 0.4202139, -0.620111, 2.13781
7, 2, 6, 63562202068211, 0, 1, 604843879463, 0.467233851682777, 2.388081, 138.251.213.82, 0, 100, 0.1892886, -1.491707, 2.488522, 0.4203268, -1.491522, 2.305785, 0.1591782, -0.453864, 2.537634, 0.4687254, -0.509897, 2.189938, 0.1196273, -1.570706, 2.439315, 0.3635612, -1.560416, 2.23559, 0.03423131, -0.7741659, 2.458323, 0.3936985, -0.7743511, 2.108682, 0.02920417, -0.8366474, 2.437784, 0.3763602, -0.8440984, 2.104612, 0.320041, 0.07295805, 2.300304, 0.2345456, -0.7267464, 2.374131, 0.3277507, -0.7381095, 2.243356, 0.1995587, -1.167642, 2.460597, 0.3809789, -1.161724, 2.285518, 0.3102466, -0.07805663, 2.369156, 0.2080145, -0.2089815, 2.485494, 0.4223827, -0.2105299, 2.222644, 0.3202797, -0.7354884, 2.310559, 0.3223593, -0.4015108, 2.340804, 0.3157283, -0.1574771, 2.362335, 0.04875679, -0.769334, 2.418294, 0.3818862, -0.8429443, 2.118266, 0.05840389, -0.6957366, 2.485489, 0.4230657, -0.7216845, 2.121287
7, 2, 6, 63562202068249, 0, 0, 268261089102, -0.877689499178534, 2.329251, 138.251.207.136, 0, 100, 0.3132749, -1.428123, 2.260531, 0.4905319, -1.393739, 2.112584, 0.1340002, -0.579112, 2.589973, 0.4604801, -0.4387243, 2.274744, 0.3407426, -1.475253, 2.136806, 0.4190946, -1.478043, 2.076537, 0.04983801, -0.8625947, 2.451638, 0.3849054, -0.7010748, 2.07811, 0.0489748, -0.920663, 2.432572, 0.3605525, -0.7549447, 2.034007, 0.2150689, -0.007476389, 2.578342, 0.2026376, -0.7094324, 2.378129, 0.3092498, -0.6810359, 2.281924, 0.1518608, -1.077852, 2.321661, 0.3968078, -1.017646, 2.110722, 0.2783253, -0.1414719, 2.520096, 0.1626644, -0.2904168, 2.660069, 0.3893235, -0.2374033, 2.377017, 0.2596136, -0.7052569, 2.36335, 0.2700875, -0.4207761, 2.448461, 0.2765705, -0.2106536, 2.504498, 0.02662681, -0.8598832, 2.441474, 0.3965393, -0.7164077, 2.03569, 0.0707612, -0.7974988, 2.49392, 0.4202026, -0.620232, 2.138091
7, 2, 6, 63562202068249, 0, 1, 604844208562, 0.467233851682777, 2.388081, 138.251.213.82, 0, 100, 0.1892343, -1.492078, 2.488546, 0.4202997, -1.491521, 2.305769, 0.1592213, -0.4537798, 2.537659, 0.4679514, -0.5099542, 2.189576, 0.119289, -1.571037, 2.439486, 0.3635992, -1.560338, 2.235461, 0.03491983, -0.7746909, 2.458678, 0.3934952, -0.7761148, 2.108438, 0.0317139, -0.837155, 2.437967, 0.3755815, -0.842521, 2.101926, 0.3200991, 0.07297945, 2.30031, 0.2345444, -0.7267491, 2.374132, 0.327742, -0.7381153, 2.243348, 0.1996316, -1.167793, 2.460709, 0.3809182, -1.161688, 2.285502, 0.3102282, -0.07806212, 2.36916, 0.2082148, -0.2090915, 2.48574, 0.4225652, -0.2104066, 2.222588, 0.3202735, -0.7354928, 2.310555, 0.3223457, -0.4015156, 2.340801, 0.3157111, -0.1574821, 2.362337, 0.01206928, -0.7743302, 2.427208, 0.3858941, -0.8373488, 2.11927, 0.05858415, -0.6955472, 2.485468, 0.4214787, -0.7215806, 2.120827
7, 2, 6, 63562202068283, 0, 0, 268261429789, -0.877689499178534, 2.329251, 138.251.207.136, 0, 100, 0.2928639, -1.42969, 2.265028, 0.4917609, -1.392791, 2.111367, 0.1340734, -0.5789598, 2.589885, 0.4601317, -0.441426, 2.273864, 0.3640082, -1.474139, 2.161599, 0.4207687, -1.477434, 2.076952, 0.04998755, -0.8617755, 2.452571, 0.3845018, -0.70042, 2.076946, 0.04900001, -0.9209451, 2.433403, 0.3594382, -0.755133, 2.034233, 0.2156332, -0.007097363, 2.578498, 0.2027489, -0.7093312, 2.377973, 0.3092807, -0.6810307, 2.281927, 0.1375161, -1.075045, 2.310056, 0.3972962, -1.017002, 2.109379, 0.2783214, -0.1414934, 2.520119, 0.1627896, -0.2902846, 2.660068, 0.3893728, -0.2373919, 2.376994, 0.2596731, -0.7052167, 2.363301, 0.2700895, -0.4207745, 2.448461, 0.2765689, -0.2106652, 2.504513, 0.02970766, -0.8513322, 2.445057, 0.3959247, -0.7136251, 2.036362, 0.07072964, -0.797412, 2.494038, 0.420116, -0.6202866, 2.138227
7, 2, 6, 63562202068283, 0, 1, 604844539260, 0.467233851682777, 2.388081, 138.251.213.82, 0, 100, 0.1892278, -1.49214, 2.488481, 0.4203405, -1.491699, 2.305804, 0.1592439, -0.4537671, 2.537672, 0.4669172, -0.5093055, 2.189464, 0.1193335, -1.571174, 2.439543, 0.3639874, -1.560507, 2.235383, 0.03525198, -0.7741622, 2.458811, 0.3928321, -0.7747021, 2.109536, 0.03013653, -0.8364927, 2.437839, 0.3687467, -0.8431869, 2.104891, 0.3201648, 0.07305151, 2.300339, 0.2345709, -0.7267133, 2.374137, 0.3277505, -0.7380483, 2.243337, 0.1995926, -1.167907, 2.460758, 0.3809217, -1.161681, 2.285509, 0.3102541, -0.07804924, 2.369185, 0.2083724, -0.2091053, 2.485766, 0.4228232, -0.2095135, 2.222886, 0.3202873, -0.7354442, 2.310551, 0.3223595, -0.4014904, 2.340809, 0.3157325, -0.1574662, 2.362356, 0.06050158, -0.7654762, 2.421795, 0.3838602, -0.8379347, 2.122194, 0.05858852, -0.695533, 2.485468, 0.4216608, -0.7212262, 2.121018
7, 2, 6, 63562202068318, 0, 0, 268261759008, -0.877689499178534, 2.329251, 138.251.207.136, 0, 100, 0.3128857, -1.427024, 2.258688, 0.4907764, -1.392643, 2.113344, 0.1343899, -0.5779077, 2.590132, 0.4603975, -0.4401472, 2.274376, 0.3278972, -1.470221, 2.128212, 0.4186047, -1.476893, 2.081053, 0.05024725, -0.8614769, 2.451171, 0.385019, -0.7014831, 2.079447, 0.04894477, -0.9173057, 2.430943, 0.3619363, -0.7550212, 2.034482, 0.2159968, -0.007069588, 2.578433, 0.2028988, -0.7091472, 2.377784, 0.309307, -0.6811593, 2.282152, 0.1525442, -1.077834, 2.328274, 0.3974905, -1.016873, 2.109062, 0.2783321, -0.1415305, 2.520146, 0.1634955, -0.2894059, 2.66108, 0.3894848, -0.2373618, 2.37706, 0.2596998, -0.705207, 2.363308, 0.2700964, -0.4207783, 2.448472, 0.2765777, -0.2106922, 2.504538, 0.0299658, -0.8566916, 2.439219, 0.3977667, -0.7303792, 2.0306, 0.07073605, -0.7974316, 2.49404, 0.4201754, -0.6202137, 2.138584
7, 2, 6, 63562202068318, 0, 1, 604844879380, 0.467233851682777, 2.388081, 138.251.213.82, 0, 100, 0.1893741, -1.491617, 2.488548, 0.4202867, -1.491749, 2.305826, 0.1592769, -0.4536901, 2.537735, 0.4663683, -0.5097795, 2.189294, 0.1196666, -1.570696, 2.43954, 0.3638324, -1.560251, 2.235074, 0.03558144, -0.7754521, 2.460397, 0.3924618, -0.774408, 2.10969, 0.0300996, -0.8364466, 2.43754, 0.3720875, -0.842294, 2.105351, 0.320147, 0.07298851, 2.300349, 0.2344834, -0.7267274, 2.374218, 0.3276128, -0.7381138, 2.243414, 0.1995641, -1.167229, 2.460641, 0.3809318, -1.161815, 2.285548, 0.3102867, -0.07809532, 2.369216, 0.2083851, -0.209121, 2.485779, 0.4226246, -0.2099385, 2.222931, 0.3201672, -0.7354822, 2.310628, 0.3223359, -0.4015204, 2.340842, 0.3157479, -0.1575034, 2.362385, 0.02869268, -0.7781048, 2.418934, 0.3855017, -0.8257778, 2.122839, 0.05850722, -0.6956205, 2.485447, 0.4217041, -0.7218717, 2.121105
7, 2, 6, 63562202068362, 0, 0, 268262088981, -0.877689499178534, 2.329251, 138.251.207.136, 0, 100, 0.2905934, -1.430166, 2.264802, 0.4906864, -1.3926, 2.113331, 0.1346198, -0.5779052, 2.589568, 0.4605883, -0.439635, 2.274439, 0.3525451, -1.47188, 2.151572, 0.4189073, -1.477004, 2.080865, 0.05081005, -0.8624458, 2.453246, 0.3848123, -0.7007831, 2.079342, 0.05116202, -0.9207627, 2.433532, 0.3609781, -0.7554511, 2.036141, 0.2159565, -0.007604182, 2.578146, 0.2028742, -0.7091414, 2.377674, 0.3094181, -0.6812172, 2.282176, 0.1378939, -1.075247, 2.315414, 0.3974899, -1.016924, 2.109025, 0.2783989, -0.1415694, 2.520101, 0.1645031, -0.2889581, 2.657669, 0.3895884, -0.2373215, 2.377121, 0.2597237, -0.7052179, 2.363282, 0.2701218, -0.4207919, 2.448448, 0.2766291, -0.2107233, 2.504502, 0.02910221, -0.8546702, 2.44539, 0.3939154, -0.7069272, 2.04039, 0.07072228, -0.7974528, 2.494042, 0.4202528, -0.6201963, 2.138759
7, 2, 6, 63562202068362, 0, 1, 604845208479, 0.467233851682777, 2.388081, 138.251.213.82, 0, 100, 0.1893669, -1.491616, 2.488544, 0.4200129, -1.492035, 2.305771, 0.1592993, -0.4536557, 2.537856, 0.4656213, -0.5098954, 2.189144, 0.1205724, -1.570951, 2.439372, 0.3656084, -1.560622, 2.234545, 0.03582844, -0.7746247, 2.460987, 0.3935655, -0.771751, 2.111617, 0.03036821, -0.8362956, 2.438157, 0.3760776, -0.8436937, 2.109307, 0.3205435, 0.07311076, 2.300482, 0.2344585, -0.7267185, 2.374223, 0.3276135, -0.7381134, 2.243426, 0.1995576, -1.167218, 2.460638, 0.3809491, -1.161813, 2.285514, 0.3103095, -0.0780831, 2.369231, 0.2084071, -0.2091833, 2.485796, 0.4227272, -0.209891, 2.222948, 0.320157, -0.7354788, 2.310636, 0.3223362, -0.4015158, 2.340847, 0.3157622, -0.1574935, 2.362396, 0.02381645, -0.776985, 2.422906, 0.3808038, -0.8069409, 2.132056, 0.05832881, -0.6961722, 2.485442, 0.4217662, -0.722275, 2.121473
7, 2, 6, 63562202068400, 0, 0, 268262429749, -0.877689499178534, 2.329251, 138.251.207.136, 0, 100, 0.3080296, -1.428845, 2.262053, 0.4902011, -1.39283, 2.112287, 0.1348222, -0.5770195, 2.590125, 0.4607927, -0.4386219, 2.274807, 0.337594, -1.477706, 2.140593, 0.4180998, -1.476942, 2.078054, 0.0511061, -0.8620508, 2.454024, 0.3850276, -0.7008461, 2.078941, 0.04936278, -0.923481, 2.441644, 0.3607246, -0.7542598, 2.03269, 0.2163573, -0.007246494, 2.578306, 0.2030016, -0.7090099, 2.37759, 0.309454, -0.6811929, 2.282294, 0.1503755, -1.077137, 2.32003, 0.3972099, -1.017201, 2.109732, 0.2784746, -0.1414834, 2.520049, 0.1651138, -0.2881984, 2.658733, 0.3896354, -0.2372711, 2.377325, 0.2597805, -0.7051619, 2.363299, 0.2701705, -0.4207209, 2.44844, 0.2766936, -0.2106447, 2.504467, 0.03062001, -0.8554642, 2.440067, 0.3962482, -0.7271069, 2.030687, 0.07075475, -0.7974959, 2.494138, 0.4202496, -0.620222, 2.138901
7, 2, 6, 63562202068400, 0, 1, 604845539192, 0.467233851682777, 2.388081, 138.251.213.82, 0, 100, 0.1894629, -1.491726, 2.488467, 0.4200829, -1.492651, 2.306001, 0.1594983, -0.4534748, 2.537962, 0.4650676, -0.5100552, 2.189057, 0.1205221, -1.571033, 2.43935, 0.3662062, -1.560822, 2.234158, 0.03572971, -0.7746368, 2.461436, 0.3934187, -0.7753186, 2.111225, 0.03038661, -0.8366185, 2.43953, 0.3740339, -0.8438576, 2.106111, 0.3205696, 0.07312411, 2.300514, 0.2344754, -0.7267116, 2.374211, 0.3277118, -0.7380552, 2.243418, 0.1996501, -1.166993, 2.460727, 0.3809515, -1.161813, 2.285519, 0.3102913, -0.07809436, 2.369218, 0.2084197, -0.2092102, 2.485832, 0.422818, -0.2099265, 2.222963, 0.3201984, -0.7354532, 2.310622, 0.3223378, -0.4015137, 2.34084, 0.3157521, -0.1574993, 2.362386, 0.0315576, -0.77709, 2.420238, 0.3814749, -0.7969474, 2.132707, 0.05834214, -0.6964511, 2.485557, 0.4217443, -0.7225837, 2.12161
7, 2, 6, 63562202068434, 0, 0, 268262758999, -0.877689499178534, 2.329251, 138.251.207.136, 0, 100, 0.2966006, -1.42929, 2.264501, 0.4886097, -1.39321, 2.113158, 0.1349047, -0.5771823, 2.589955, 0.4609162, -0.4380898, 2.274826, 0.3532519, -1.47468, 2.152276, 0.414963, -1.476585, 2.079208, 0.05091918, -0.8626075, 2.453184, 0.3849309, -0.7017226, 2.079759, 0.04870029, -0.918496, 2.429213, 0.3627073, -0.7549708, 2.035345, 0.2167694, -0.006770611, 2.578577, 0.2026972, -0.7092136, 2.377744, 0.3090475, -0.6814996, 2.282476, 0.1412584, -1.075803, 2.314593, 0.3972412, -1.01735, 2.109847, 0.278627, -0.1414679, 2.519993, 0.1651069, -0.2883519, 2.658556, 0.3896836, -0.2372679, 2.377357, 0.2594392, -0.7053972, 2.363455, 0.2701519, -0.4207454, 2.448452, 0.2767613, -0.2106466, 2.504446, 0.03385986, -0.8484339, 2.444818, 0.3958239, -0.7242382, 2.033505, 0.07074735, -0.7979035, 2.494321, 0.4202442, -0.6201735, 2.139302
7, 2, 6, 63562202068434, 0, 1, 604845879301, 0.467233851682777, 2.388081, 138.251.213.82, 0, 100, 0.1894983, -1.491752, 2.488492, 0.4200554, -1.492659, 2.30601, 0.159657, -0.4533667, 2.538021, 0.4649557, -0.5100883, 2.189067, 0.1213919, -1.570488, 2.437598, 0.3671703, -1.560346, 2.233365, 0.03596073, -0.774537, 2.462127, 0.3928183, -0.7738233, 2.111101, 0.02976111, -0.8358366, 2.44172, 0.3709422, -0.8445029, 2.10656, 0.320653, 0.07310826, 2.300594, 0.2343688, -0.7268163, 2.374268, 0.3277089, -0.7380814, 2.243427, 0.1995992, -1.16719, 2.460789, 0.3809559, -1.161756, 2.285555, 0.3104666, -0.07806057, 2.369373, 0.2084297, -0.2092133, 2.485865, 0.4228036, -0.2099457, 2.223031, 0.3201554, -0.7355108, 2.310646, 0.3223566, -0.4015275, 2.340883, 0.315872, -0.157484, 2.362504, 0.05905916, -0.7691546, 2.42209, 0.3806319, -0.8074862, 2.129656, 0.0581387, -0.6972598, 2.485583, 0.4219695, -0.7229164, 2.122416
7, 2, 6, 63562202068469, 0, 0, 268263088967, -0.877689499178534, 2.329251, 138.251.207.136, 0, 100, 0.3079332, -1.427565, 2.261519, 0.4876944, -1.393186, 2.113274, 0.1349891, -0.5772201, 2.590168, 0.4610512, -0.4376153, 2.275044, 0.3413188, -1.473645, 2.138913, 0.4133452, -1.476169, 2.079259, 0.05188258, -0.8629496, 2.453124, 0.3851967, -0.7017091, 2.079934, 0.05151553, -0.9218581, 2.437765, 0.3611744, -0.755198, 2.035219, 0.2171242, -0.006206155, 2.578704, 0.2027662, -0.7091458, 2.377622, 0.3090944, -0.6814513, 2.282524, 0.1486276, -1.077079, 2.32074, 0.3971934, -1.017297, 2.109845, 0.2787812, -0.1413643, 2.519776, 0.1651707, -0.2883468, 2.65854, 0.3897161, -0.2372654, 2.377384, 0.2594864, -0.7053478, 2.363434, 0.2702171, -0.420675, 2.448373, 0.2768891, -0.2105526, 2.504275, 0.03082952, -0.8565617, 2.434753, 0.3949146, -0.7186586, 2.034871, 0.07075083, -0.7979226, 2.494317, 0.4202907, -0.6202572, 2.13951
7, 2, 6, 63562202068469, 0, 1, 604846208450, 0.467233851682777, 2.388081, 138.251.213.82, 0, 100, 0.189706, -1.49185, 2.488676, 0.4200264, -1.492764, 2.305876, 0.1598288, -0.4531015, 2.538245, 0.4649796, -0.5103545, 2.189056, 0.1215076, -1.57039, 2.437457, 0.3666159, -1.560548, 2.233473, 0.03548355, -0.7752274, 2.46207, 0.3930072, -0.7738299, 2.110769, 0.03410797, -0.8390362, 2.439154, 0.375187, -0.8449878, 2.107821, 0.3207056, 0.07299209, 2.300587, 0.234309, -0.7269535, 2.374458, 0.3275837, -0.7382073, 2.243429, 0.1997033, -1.167503, 2.460859, 0.3809597, -1.161808, 2.285587, 0.3103496, -0.07808661, 2.369558, 0.2085554, -0.2092063, 2.485935, 0.4226319, -0.2102594, 2.223058, 0.3200622, -0.7356308, 2.310725, 0.3222555, -0.4015963, 2.341003, 0.3157614, -0.1575206, 2.362671, 0.05624965, -0.7592788, 2.428309, 0.3746068, -0.7871917, 2.135804, 0.05827685, -0.6972308, 2.485747, 0.4206259, -0.7229282, 2.122238
7, 2, 6, 63562202068498, 0, 0, 268263429757, -0.877689499178534, 2.329251, 138.251.207.136, 0, 100, 0.3088764, -1.426956, 2.260407, 0.4876681, -1.3927, 2.11344, 0.1356384, -0.5746123, 2.591197, 0.4620594, -0.4338173, 2.279822, 0.3368206, -1.472778, 2.135845, 0.4127685, -1.47544, 2.080281, 0.05192327, -0.8641812, 2.455649, 0.3856359, -0.7027162, 2.08199, 0.05012602, -0.9205857, 2.435274, 0.3624116, -0.7572939, 2.03972, 0.2169563, -0.006604493, 2.578615, 0.2033272, -0.708917, 2.378321, 0.309233, -0.6814131, 2.283215, 0.1498049, -1.076979, 2.322775, 0.3971, -1.01702, 2.109791, 0.2788983, -0.1413887, 2.520005, 0.1670136, -0.2862605, 2.661843, 0.3898481, -0.2373576, 2.377588, 0.2598235, -0.7052056, 2.364098, 0.2703969, -0.4206296, 2.448795, 0.2770228, -0.2105641, 2.50455, 0.03157912, -0.8548639, 2.441252, 0.3964275, -0.7193646, 2.036541, 0.07077807, -0.7980894, 2.494981, 0.4205929, -0.6203851, 2.14048
7, 2, 6, 63562202068498, 0, 1, 604846539138, 0.467233851682777, 2.388081, 138.251.213.82, 0, 100, 0.1895384, -1.491802, 2.488597, 0.4201491, -1.493782, 2.305976, 0.1603, -0.4525438, 2.538564, 0.4647588, -0.5105551, 2.188874, 0.1204006, -1.570311, 2.437992, 0.3667876, -1.560799, 2.232708, 0.03571777, -0.7750823, 2.462478, 0.3927916, -0.7743489, 2.112203, 0.03186779, -0.8371538, 2.440409, 0.3705439, -0.8444531, 2.106575, 0.3206723, 0.07294202, 2.300576, 0.2342006, -0.7268249, 2.374466, 0.3275627, -0.7382106, 2.243461, 0.1996646, -1.167597, 2.460897, 0.3809594, -1.161838, 2.285633, 0.3103736, -0.07809263, 2.369547, 0.2086783, -0.2092686, 2.486004, 0.4227583, -0.2104182, 2.223136, 0.3200083, -0.7355906, 2.310748, 0.3222529, -0.4015918, 2.341004, 0.3157728, -0.1575218, 2.362666, 0.02431437, -0.7776442, 2.42376, 0.3760085, -0.844608, 2.123751, 0.058277, -0.6975949, 2.48594, 0.4200493, -0.7232349, 2.122568
7, 2, 6, 63562202068526, 0, 0, 268263759034, -0.877689499178534, 2.329251, 138.251.207.136, 0, 100, 0.2932083, -1.427961, 2.264936, 0.4876347, -1.392462, 2.114146, 0.1358918, -0.5738301, 2.591233, 0.4621039, -0.4339286, 2.279628, 0.3602161, -1.471126, 2.156811, 0.412782, -1.475266, 2.081792, 0.05239701, -0.8634014, 2.450954, 0.3859351, -0.6992617, 2.081935, 0.05257846, -0.920159, 2.431224, 0.3589982, -0.7503699, 2.03576, 0.2174095, -0.006226897, 2.578625, 0.2034607, -0.7087913, 2.378253, 0.3093132, -0.681488, 2.283564, 0.1382583, -1.074655, 2.313318, 0.3970521, -1.016961, 2.109746, 0.2789491, -0.1413041, 2.519816, 0.1674196, -0.2855349, 2.662122, 0.3898699, -0.2373941, 2.377609, 0.2598974, -0.7051738, 2.364163, 0.2704258, -0.4205964, 2.448776, 0.2770684, -0.2104965, 2.504426, 0.03091942, -0.8552971, 2.436874, 0.4090444, -0.7494231, 2.048714, 0.07103325, -0.7981103, 2.49492, 0.4206372, -0.6203411, 2.140569
7, 2, 6, 63562202068526, 0, 1, 604847208374, 0.467233851682777, 2.388081, 138.251.213.82, 0, 100, 0.1893552, -1.491994, 2.48834, 0.4202124, -1.493614, 2.30594, 0.1602744, -0.4523277, 2.538613, 0.4643537, -0.5109211, 2.188783, 0.12034, -1.570635, 2.437924, 0.3669024, -1.560826, 2.232875, 0.03623588, -0.7755505, 2.462402, 0.391994, -0.7748687, 2.111789, 0.03209879, -0.8393307, 2.437078, 0.3752187, -0.8431515, 2.106919, 0.3207476, 0.07292587, 2.300595, 0.2344667, -0.7268592, 2.374305, 0.327685, -0.7382396, 2.243377, 0.1996355, -1.16758, 2.460939, 0.3808615, -1.161683, 2.285614, 0.3103921, -0.07810289, 2.369547, 0.2087923, -0.2092729, 2.486208, 0.4227759, -0.2107018, 2.223077, 0.320182, -0.7356207, 2.310628, 0.3223209, -0.4016093, 2.340968, 0.3158008, -0.1575336, 2.362661, 0.05703813, -0.7619348, 2.427492, 0.3847547, -0.8404483, 2.12313, 0.05828401, -0.6979221, 2.486073, 0.4200912, -0.7238812, 2.123169
7, 2, 6, 63562202068541, 0, 0, 268264089230, -0.877689499178534, 2.329251, 138.251.207.136, 0, 100, 0.3175564, -1.424408, 2.257171, 0.4868008, -1.392781, 2.114515, 0.1360336, -0.5738055, 2.590953, 0.4620115, -0.4341996, 2.279132, 0.3329941, -1.469997, 2.128867, 0.4109508, -1.475002, 2.082676, 0.05248694, -0.8619497, 2.450997, 0.3858086, -0.6978596, 2.080812, 0.04877704, -0.9198709, 2.432849, 0.3582399, -0.7496526, 2.034261, 0.2179486, -0.005600572, 2.578247, 0.2036827, -0.7086442, 2.377995, 0.3093465, -0.6814105, 2.283502, 0.1538913, -1.077285, 2.325987, 0.3971507, -1.016764, 2.10942, 0.2790428, -0.1413313, 2.519372, 0.1674446, -0.2856065, 2.662418, 0.3899152, -0.2374239, 2.37756, 0.2600163, -0.7050531, 2.36402, 0.2705101, -0.4205329, 2.448534, 0.2771611, -0.2104961, 2.504043, 0.04207893, -0.8651631, 2.453143, 0.3938079, -0.7210889, 2.034355, 0.07109572, -0.7981397, 2.494889, 0.4206361, -0.6203401, 2.140568
7, 2, 6, 63562202068541, 0, 1, 604847538999, 0.467233851682777, 2.388081, 138.251.213.82, 0, 100, 0.1892215, -1.491932, 2.488162, 0.420241, -1.493689, 2.305965, 0.160352, -0.4522222, 2.538829, 0.4642008, -0.5111203, 2.188936, 0.120411, -1.57082, 2.438098, 0.366801, -1.560736, 2.232749, 0.03718494, -0.7754491, 2.463165, 0.3934535, -0.7747058, 2.111891, 0.03082924, -0.8367674, 2.442279, 0.3697338, -0.845042, 2.10816, 0.3209342, 0.07308143, 2.3007, 0.2345082, -0.7269062, 2.374333, 0.3277111, -0.7382969, 2.243386, 0.2016197, -1.166062, 2.459833, 0.3808633, -1.161834, 2.28571, 0.3105469, -0.07810283, 2.369588, 0.2088943, -0.2093382, 2.486357, 0.4228886, -0.2108344, 2.223118, 0.3202095, -0.7356694, 2.310643, 0.3223883, -0.4016353, 2.34099, 0.3159314, -0.1575418, 2.362697, 0.02175337, -0.778218, 2.425747, 0.3751249, -0.7806256, 2.135782, 0.05828182, -0.6980761, 2.486193, 0.420095, -0.7241999, 2.123636
7, 2, 6, 63562202068553, 0, 0, 268264429788, -0.877689499178534, 2.329251, 138.251.207.136, 0, 100, 0.3168785, -1.424825, 2.255939, 0.4869045, -1.393036, 2.115062, 0.1358621, -0.5747952, 2.591096, 0.4620724, -0.4342663, 2.278777, 0.3320242, -1.469628, 2.127079, 0.4112381, -1.475331, 2.08372, 0.05281186, -0.862176, 2.452527, 0.3868093, -0.6987275, 2.082652, 0.05221766, -0.9206488, 2.43317, 0.362122, -0.7510592, 2.037587, 0.2181596, -0.005480587, 2.578278, 0.2036777, -0.7086624, 2.377996, 0.309426, -0.6814395, 2.283589, 0.1536907, -1.07727, 2.325661, 0.3971565, -1.016751, 2.109351, 0.2791615, -0.1412271, 2.519354, 0.1668921, -0.2865247, 2.662357, 0.3899832, -0.2374687, 2.37772, 0.2600388, -0.7050718, 2.364046, 0.2705469, -0.4205123, 2.448544, 0.2772552, -0.2104192, 2.504035, 0.05715509, -0.8605226, 2.463, 0.3943677, -0.7123072, 2.038565, 0.0712243, -0.7982066, 2.494848, 0.4207714, -0.6203465, 2.140877
7, 2, 6, 63562202068553, 0, 1, 604847879108, 0.467233851682777, 2.388081, 138.251.213.82, 0, 100, 0.1891786, -1.491914, 2.488268, 0.4201914, -1.493811, 2.305896, 0.1604762, -0.4524994, 2.538853, 0.464207, -0.5111244, 2.188934, 0.1198353, -1.570486, 2.437954, 0.3664634, -1.560546, 2.232405, 0.03670792, -0.7757831, 2.462584, 0.3924556, -0.7746414, 2.112172, 0.03247845, -0.8377882, 2.442202, 0.3705098, -0.8451324, 2.108133, 0.3210827, 0.0731734, 2.300783, 0.2343998, -0.7269964, 2.374402, 0.3277118, -0.7383853, 2.243411, 0.2009633, -1.166755, 2.460063, 0.3807968, -1.16185, 2.285732, 0.3105618, -0.07813138, 2.369616, 0.2089854, -0.2094088, 2.486473, 0.4229561, -0.210829, 2.223142, 0.3201613, -0.7357534, 2.310683, 0.3223791, -0.4016796, 2.341019, 0.3159412, -0.1575727, 2.362724, 0.04828994, -0.775907, 2.420423, 0.3784676, -0.8436909, 2.120492, 0.05844401, -0.6983166, 2.486304, 0.4190949, -0.7240924, 2.123765
7, 2, 6, 63562202068594, 0, 0, 268264759752, -0.877689499178534, 2.329251, 138.251.207.136, 0, 100, 0.3164623, -1.42545, 2.256254, 0.4872967, -1.393276, 2.115669, 0.1360118, -0.574712, 2.591051, 0.4617117, -0.4395345, 2.276851, 0.3321624, -1.470983, 2.128174, 0.4122518, -1.475895, 2.085084, 0.05339062, -0.8644043, 2.452261, 0.3868653, -0.6984507, 2.08271, 0.05171821, -0.9214352, 2.433938, 0.361086, -0.7505555, 2.037075, 0.218327, -0.005298674, 2.578308, 0.2037898, -0.7085824, 2.378184, 0.3094717, -0.681376, 2.283613, 0.1537651, -1.077161, 2.324983, 0.3969369, -1.016836, 2.109572, 0.2792103, -0.1412468, 2.519345, 0.1670542, -0.2864466, 2.662336, 0.3900416, -0.2374799, 2.377857, 0.2601223, -0.704991, 2.364138, 0.2705904, -0.4204946, 2.448568, 0.2772997, -0.2104286, 2.504034, 0.06947169, -0.8971772, 2.431333, 0.3993911, -0.7153155, 2.041113, 0.07175076, -0.7983955, 2.495215, 0.4209606, -0.6205093, 2.141074
7, 2, 6, 63562202068594, 0, 1, 604848208250, 0.467233851682777, 2.388081, 138.251.213.82, 0, 100, 0.1890728, -1.491947, 2.488199, 0.4202465, -1.493797, 2.305821, 0.1607905, -0.4521161, 2.539106, 0.4638971, -0.5112441, 2.189135, 0.1201028, -1.570679, 2.437936, 0.366533, -1.560499, 2.232291, 0.03645295, -0.7754607, 2.462211, 0.3935369, -0.7756113, 2.11197, 0.02941833, -0.8351961, 2.439582, 0.3726895, -0.8447167, 2.106512, 0.3211072, 0.07311434, 2.300762, 0.2343885, -0.7269639, 2.374417, 0.3277351, -0.7383694, 2.243423, 0.2009411, -1.166962, 2.460252, 0.3808096, -1.161798, 2.285741, 0.3107375, -0.078224, 2.369596, 0.209271, -0.2094647, 2.486648, 0.4230211, -0.2108538, 2.223187, 0.3201643, -0.7357337, 2.310694, 0.3224213, -0.4016866, 2.341021, 0.3160762, -0.1576359, 2.362712, 0.03565133, -0.7781122, 2.420825, 0.3764325, -0.7993534, 2.132771, 0.0587714, -0.6983662, 2.486398, 0.4189694, -0.7241699, 2.123738
7, 2, 6, 63562202068608, 0, 0, 268265088962, -0.877689499178534, 2.329251, 138.251.207.136, 0, 100, 0.3165442, -1.425868, 2.257203, 0.4872409, -1.39355, 2.115859, 0.136219, -0.5739301, 2.591328, 0.4617664, -0.4392778, 2.276857, 0.3346214, -1.472684, 2.13081, 0.4119917, -1.476027, 2.08554, 0.05308695, -0.8639409, 2.450786, 0.3866724, -0.6985269, 2.082619, 0.05162638, -0.9197782, 2.429553, 0.3596742, -0.750101, 2.035546, 0.2183845, -0.005182981, 2.578223, 0.2038766, -0.7085157, 2.378202, 0.3094992, -0.6813856, 2.283714, 0.1535826, -1.077023, 2.32375, 0.3969389, -1.016791, 2.109516, 0.2794012, -0.1412882, 2.519187, 0.1674765, -0.2857237, 2.662832, 0.3901076, -0.2375483, 2.377875, 0.2601779, -0.7049622, 2.364192, 0.270663, -0.4204877, 2.448552, 0.2774557, -0.210453, 2.503924, 0.06928462, -0.8933915, 2.427311, 0.3967161, -0.7274565, 2.034709, 0.07220399, -0.7991362, 2.495602, 0.4210283, -0.6205736, 2.141203
7, 2, 6, 63562202068608, 0, 1, 604848538899, 0.467233851682777, 2.388081, 138.251.213.82, 0, 100, 0.1890591, -1.492035, 2.488209, 0.4201215, -1.493327, 2.305876, 0.1608669, -0.4516215, 2.539295, 0.4637394, -0.5114599, 2.189215, 0.1206278, -1.570679, 2.437381, 0.3674175, -1.560154, 2.232232, 0.03778999, -0.7758353, 2.462398, 0.3934423, -0.7749071, 2.112347, 0.03643928, -0.8394269, 2.439203, 0.3757142, -0.8450781, 2.1064, 0.3211512, 0.07312804, 2.300776, 0.2343904, -0.7269838, 2.374442, 0.3278041, -0.7384121, 2.243467, 0.2006062, -1.167054, 2.460336, 0.3808231, -1.161749, 2.285742, 0.3108839, -0.07820362, 2.369565, 0.2093202, -0.2094781, 2.486689, 0.4233056, -0.2109811, 2.223269, 0.3201863, -0.7357605, 2.310723, 0.3224819, -0.4016953, 2.341027, 0.3161991, -0.157625, 2.362693, 0.02139229, -0.7782277, 2.424843, 0.3801804, -0.7833987, 2.135499, 0.05906051, -0.6985024, 2.486629, 0.4188468, -0.7243838, 2.123796
7, 2, 6, 63562202068634, 0, 0, 268265429783, -0.877689499178534, 2.329251, 138.251.207.136, 0, 100, 0.3188587, -1.425458, 2.259515, 0.4861288, -1.393958, 2.117252, 0.1362512, -0.5744131, 2.591617, 0.4625321, -0.4340795, 2.280343, 0.3392443, -1.47327, 2.134454, 0.409742, -1.475812, 2.088267, 0.05319558, -0.8641253, 2.452938, 0.3871445, -0.6985515, 2.08294, 0.05068445, -0.9212576, 2.435606, 0.3605624, -0.7503282, 2.036224, 0.2185251, -0.005252898, 2.578308, 0.2039658, -0.7085053, 2.378236, 0.3096085, -0.681405, 2.283769, 0.153641, -1.077016, 2.324007, 0.3971097, -1.016668, 2.109253, 0.2794972, -0.1414255, 2.519302, 0.1673097, -0.286155, 2.662941, 0.3902262, -0.2375712, 2.378018, 0.26029, -0.7049615, 2.36424, 0.2707515, -0.4205351, 2.448621, 0.2775515, -0.2105641, 2.504025, 0.06113468, -0.8539063, 2.411764, 0.3950556, -0.7059783, 2.042265, 0.07261065, -0.7993451, 2.495647, 0.4211821, -0.6206566, 2.141444
7, 2, 6, 63562202068634, 0, 1, 604848879018, 0.467233851682777, 2.388081, 138.251.213.82, 0, 100, 0.1889389, -1.492401, 2.488615, 0.4201975, -1.493147, 2.305813, 0.1609126, -0.4514469, 2.539384, 0.4637975, -0.5115565, 2.189352, 0.1198586, -1.570767, 2.437706, 0.3673184, -1.560042, 2.232285, 0.03857191, -0.7761354, 2.46222, 0.3930505, -0.7745104, 2.113164, 0.03077625, -0.8363538, 2.438405, 0.3704873, -0.8434463, 2.106663, 0.3211917, 0.07314175, 2.300805, 0.2344328, -0.7269017, 2.374427, 0.3278894, -0.7383387, 2.243498, 0.2003442, -1.167019, 2.460385, 0.3808278, -1.161759, 2.285756, 0.310897, -0.07823342, 2.369553, 0.2093676, -0.2094985, 2.486713, 0.4235405, -0.2110308, 2.223301, 0.3202413, -0.7356854, 2.310729, 0.322501, -0.4016892, 2.341023, 0.3162131, -0.1576418, 2.362684, 0.03151208, -0.7758133, 2.423847, 0.3745704, -0.8005186, 2.134115, 0.05919188, -0.6988799, 2.486641, 0.4187593, -0.7244245, 2.123824
7, 2, 6, 63562202068677, 0, 0, 268265758980, -0.877689499178534, 2.329251, 138.251.207.136, 0, 100, 0.3173238, -1.425847, 2.259236, 0.4920048, -1.392458, 2.112996, 0.1363086, -0.574358, 2.5917, 0.4625797, -0.4341074, 2.280106, 0.3362984, -1.4736, 2.133761, 0.4206784, -1.476987, 2.081942, 0.05376261, -0.8639668, 2.451289, 0.387122, -0.6990464, 2.082415, 0.05354312, -0.9205682, 2.432296, 0.3600532, -0.7505693, 2.037041, 0.2186668, -0.004875839, 2.578343, 0.2040548, -0.7085094, 2.378394, 0.3096137, -0.6814048, 2.283863, 0.1536066, -1.077009, 2.324268, 0.3971629, -1.016584, 2.109167, 0.2796737, -0.1413674, 2.519287, 0.1674042, -0.2861252, 2.663138, 0.3902622, -0.2375774, 2.378025, 0.2603387, -0.7049583, 2.364368, 0.2708333, -0.4205084, 2.448669, 0.2776995, -0.2105163, 2.50403, 0.0626027, -0.851196, 2.412091, 0.395451, -0.7174944, 2.038879, 0.07281043, -0.7995886, 2.495522, 0.4213338, -0.6207108, 2.141654
7, 2, 6, 63562202068677, 0, 1, 604849208142, 0.467233851682777, 2.388081, 138.251.213.82, 0, 100, 0.1887549, -1.492136, 2.488643, 0.4203494, -1.493137, 2.305882, 0.1610817, -0.4514583, 2.539409, 0.4638351, -0.5115161, 2.189434, 0.1203911, -1.570794, 2.437793, 0.3669289, -1.560013, 2.232462, 0.03875718, -0.7752485, 2.461983, 0.3941196, -0.7758017, 2.11204, 0.03343914, -0.8380062, 2.438779, 0.3740529, -0.8459932, 2.109872, 0.3212305, 0.07315546, 2.300842, 0.2344843, -0.7268652, 2.374461, 0.3279107, -0.7383065, 2.243512, 0.2001283, -1.16651, 2.460757, 0.3808283, -1.161776, 2.285815, 0.3110371, -0.07826728, 2.369512, 0.2094173, -0.2095268, 2.486819, 0.4235766, -0.2109876, 2.223358, 0.3202717, -0.7356514, 2.31075, 0.3225685, -0.4016799, 2.34102, 0.3163341, -0.1576623, 2.362655, 0.02243707, -0.7804256, 2.42359, 0.369756, -0.8243728, 2.132355, 0.05973871, -0.6987364, 2.486802, 0.4204791, -0.7248721, 2.124682
7, 2, 6, 63562202068719, 0, 0, 268266089028, -0.877689499178534, 2.329251, 138.251.207.136, 0, 100, 0.3164396, -1.42598, 2.259297, 0.4916615, -1.392372, 2.112, 0.1364576, -0.5748416, 2.591816, 0.4625651, -0.4341725, 2.280056, 0.3348619, -1.473573, 2.133519, 0.4199785, -1.476653, 2.080133, 0.05437969, -0.8652046, 2.452243, 0.3871889, -0.6983232, 2.083023, 0.05428603, -0.9226086, 2.435706, 0.3609838, -0.7496377, 2.035346, 0.2181873, -0.004954338, 2.578381, 0.2041064, -0.7085435, 2.378432, 0.3097257, -0.6814139, 2.283939, 0.1534988, -1.077031, 2.32454, 0.3972416, -1.016547, 2.109105, 0.2798505, -0.1413507, 2.519273, 0.1673548, -0.2865493, 2.663032, 0.3904062, -0.2375677, 2.378164, 0.2604266, -0.7049795, 2.364427, 0.2709491, -0.4205079, 2.448696, 0.2778622, -0.2105044, 2.504026, 0.0625882, -0.8495183, 2.413023, 0.3978198, -0.7020123, 2.045756, 0.07299557, -0.799681, 2.495709, 0.4214075, -0.6207837, 2.141939
7, 2, 6, 63562202068719, 0, 1, 604849538845, 0.467233851682777, 2.388081, 138.251.213.82, 0, 100, 0.1887099, -1.492193, 2.488827, 0.4203106, -1.493097, 2.305857, 0.1612477, -0.451546, 2.539442, 0.4638389, -0.5114202, 2.189586, 0.1200017, -1.570812, 2.438146, 0.3666068, -1.559818, 2.232334, 0.03896686, -0.776158, 2.461533, 0.3944622, -0.7743717, 2.112549, 0.03808716, -0.8410729, 2.439692, 0.3732455, -0.844786, 2.106496, 0.3212703, 0.07316697, 2.300842, 0.2344885, -0.7268676, 2.374395, 0.3279892, -0.738305, 2.243529, 0.2000258, -1.166784, 2.460848, 0.3808333, -1.161718, 2.285859, 0.3110363, -0.07828313, 2.369547, 0.2094635, -0.2095707, 2.486879, 0.4237976, -0.2108369, 2.223421, 0.3202944, -0.7356513, 2.310732, 0.3225758, -0.4016835, 2.341023, 0.3163376, -0.1576737, 2.362678, 0.06034134, -0.764001, 2.425725, 0.3784409, -0.8482726, 2.125816, 0.05988131, -0.6987177, 2.486904, 0.4193852, -0.7245128, 2.124499
7, 2, 6, 63562202068737, 0, 0, 268266429724, -0.877689499178534, 2.329251, 138.251.207.136, 0, 100, 0.3168451, -1.425252, 2.257981, 0.4920137, -1.391538, 2.114685, 0.1366715, -0.5738911, 2.592575, 0.4626419, -0.4342097, 2.279847, 0.3349973, -1.472303, 2.131797, 0.4204513, -1.476134, 2.085647, 0.05425967, -0.8647708, 2.45341, 0.387604, -0.6982602, 2.083298, 0.05419856, -0.9210052, 2.431475, 0.3610127, -0.7503722, 2.036033, 0.2190638, -0.005037665, 2.578829, 0.2043301, -0.7084309, 2.378534, 0.3097392, -0.6812, 2.284279, 0.1535133, -1.07689, 2.324492, 0.3973383, -1.016125, 2.108963, 0.2799832, -0.1413639, 2.519372, 0.16766, -0.2859146, 2.665414, 0.3905596, -0.2376145, 2.378296, 0.260557, -0.7048243, 2.364625, 0.2710736, -0.4204448, 2.448833, 0.2779931, -0.2105002, 2.504132, 0.06391805, -0.8410584, 2.414867, 0.39728, -0.7119552, 2.041541, 0.07330874, -0.7999679, 2.495743, 0.421544, -0.6208239, 2.142094
7, 2, 6, 63562202068737, 0, 1, 604849878922, 0.467233851682777, 2.388081, 138.251.213.82, 0, 100, 0.1896221, -1.489643, 2.488916, 0.4202327, -1.492742, 2.305734, 0.1616552, -0.451433, 2.539563, 0.4638658, -0.5114246, 2.189714, 0.1218956, -1.569058, 2.439058, 0.3651055, -1.559901, 2.233069, 0.03906402, -0.7766782, 2.462127, 0.3948688, -0.7755258, 2.11238, 0.03549337, -0.8375488, 2.438018, 0.3740488, -0.8435306, 2.108557, 0.3213246, 0.07316256, 2.30081, 0.2346075, -0.7267814, 2.374372, 0.3284059, -0.7381376, 2.243653, 0.2001113, -1.166425, 2.460875, 0.3807642, -1.16168, 2.285877, 0.3110391, -0.07829851, 2.369557, 0.2095034, -0.2095608, 2.486958, 0.4239564, -0.2108127, 2.223531, 0.3205258, -0.7355278, 2.310761, 0.3226402, -0.4016673, 2.341039, 0.316348, -0.1576827, 2.362687, 0.04036278, -0.7823166, 2.419173, 0.3764808, -0.7888185, 2.137697, 0.06028795, -0.6986092, 2.487017, 0.4200188, -0.7246267, 2.12469
7, 2, 6, 63562202068754, 0, 0, 268267088970, -0.877689499178534, 2.329251, 138.251.207.136, 0, 100, 0.3142748, -1.425884, 2.259453, 0.4892517, -1.391555, 2.117428, 0.136864, -0.5733559, 2.593098, 0.4627998, -0.4343522, 2.279221, 0.3358514, -1.474192, 2.135299, 0.41503, -1.474865, 2.090108, 0.05508402, -0.8636875, 2.452613, 0.3870613, -0.6989366, 2.082374, 0.05467267, -0.9196651, 2.429245, 0.3611949, -0.750732, 2.037006, 0.2190029, -0.005036056, 2.578891, 0.2044905, -0.7083568, 2.37879, 0.309683, -0.6812047, 2.284703, 0.1528675, -1.076662, 2.323176, 0.3973797, -1.015988, 2.109094, 0.280109, -0.1414299, 2.519349, 0.1676653, -0.2856762, 2.667547, 0.3907152, -0.2377224, 2.378496, 0.2606415, -0.7047651, 2.364954, 0.271169, -0.4204502, 2.448916, 0.2781059, -0.2105461, 2.504133, 0.07082404, -0.851496, 2.423946, 0.3974615, -0.7118773, 2.042544, 0.0738242, -0.8001788, 2.495383, 0.4217281, -0.6210721, 2.142134
7, 2, 6, 63562202068754, 0, 1, 604849878922, 0.467233851682777, 2.388081, 138.251.213.82, 0, 100, 0.1896221, -1.489643, 2.488916, 0.4202327, -1.492742, 2.305734, 0.1616552, -0.451433, 2.539563, 0.4638658, -0.5114246, 2.189714, 0.1218956, -1.569058, 2.439058, 0.3651055, -1.559901, 2.233069, 0.03906402, -0.7766782, 2.462127, 0.3948688, -0.7755258, 2.11238, 0.03549337, -0.8375488, 2.438018, 0.3740488, -0.8435306, 2.108557, 0.3213246, 0.07316256, 2.30081, 0.2346075, -0.7267814, 2.374372, 0.3284059, -0.7381376, 2.243653, 0.2001113, -1.166425, 2.460875, 0.3807642, -1.16168, 2.285877, 0.3110391, -0.07829851, 2.369557, 0.2095034, -0.2095608, 2.486958, 0.4239564, -0.2108127, 2.223531, 0.3205258, -0.7355278, 2.310761, 0.3226402, -0.4016673, 2.341039, 0.316348, -0.1576827, 2.362687, 0.04036278, -0.7823166, 2.419173, 0.3764808, -0.7888185, 2.137697, 0.06028795, -0.6986092, 2.487017, 0.4200188, -0.7246267, 2.12469
7, 2, 6, 63562202068786, 0, 0, 268267088970, -0.877689499178534, 2.329251, 138.251.207.136, 0, 100, 0.3142748, -1.425884, 2.259453, 0.4892517, -1.391555, 2.117428, 0.136864, -0.5733559, 2.593098, 0.4627998, -0.4343522, 2.279221, 0.3358514, -1.474192, 2.135299, 0.41503, -1.474865, 2.090108, 0.05508402, -0.8636875, 2.452613, 0.3870613, -0.6989366, 2.082374, 0.05467267, -0.9196651, 2.429245, 0.3611949, -0.750732, 2.037006, 0.2190029, -0.005036056, 2.578891, 0.2044905, -0.7083568, 2.37879, 0.309683, -0.6812047, 2.284703, 0.1528675, -1.076662, 2.323176, 0.3973797, -1.015988, 2.109094, 0.280109, -0.1414299, 2.519349, 0.1676653, -0.2856762, 2.667547, 0.3907152, -0.2377224, 2.378496, 0.2606415, -0.7047651, 2.364954, 0.271169, -0.4204502, 2.448916, 0.2781059, -0.2105461, 2.504133, 0.07082404, -0.851496, 2.423946, 0.3974615, -0.7118773, 2.042544, 0.0738242, -0.8001788, 2.495383, 0.4217281, -0.6210721, 2.142134
7, 2, 6, 63562202068786, 0, 1, 604850538727, 0.467233851682777, 2.388081, 138.251.213.82, 0, 100, 0.1894563, -1.490109, 2.489046, 0.4204599, -1.492779, 2.30574, 0.161875, -0.4512439, 2.53963, 0.4640955, -0.511203, 2.189973, 0.1216409, -1.569459, 2.439131, 0.3636523, -1.559656, 2.233234, 0.03983942, -0.7765428, 2.4622, 0.3959422, -0.774676, 2.113184, 0.03396012, -0.8386059, 2.43603, 0.3747644, -0.8460834, 2.109867, 0.3219251, 0.07331723, 2.300925, 0.2355055, -0.7269552, 2.374345, 0.3285657, -0.7381395, 2.243666, 0.2000446, -1.166727, 2.460932, 0.3808759, -1.161678, 2.285971, 0.3112332, -0.07831508, 2.369623, 0.2101604, -0.2096303, 2.487259, 0.4247784, -0.2104656, 2.223736, 0.3209718, -0.7355897, 2.310758, 0.3229466, -0.4016877, 2.341084, 0.3165694, -0.1576996, 2.36275, 0.02581728, -0.7795646, 2.423764, 0.3812849, -0.846952, 2.125719, 0.06061956, -0.6988999, 2.487121, 0.4220323, -0.7247827, 2.125349
7, 2, 6, 63562202068829, 0, 0, 268267759001, -0.877689499178534, 2.329251, 138.251.207.136, 0, 100, 0.3140446, -1.425155, 2.258324, 0.4855755, -1.391679, 2.117368, 0.1369493, -0.5741606, 2.593557, 0.4627055, -0.4395304, 2.277249, 0.3344516, -1.470886, 2.131634, 0.4073728, -1.472751, 2.090338, 0.0549445, -0.8641511, 2.451864, 0.3874702, -0.6990287, 2.082242, 0.0542126, -0.921418, 2.432552, 0.3593358, -0.7507835, 2.036485, 0.219037, -0.006070316, 2.578456, 0.2045822, -0.708429, 2.379093, 0.3097735, -0.6811928, 2.284769, 0.1526924, -1.07675, 2.324918, 0.3980438, -1.015501, 2.10836, 0.2802023, -0.1415206, 2.519426, 0.1677248, -0.286236, 2.66676, 0.3910588, -0.2379445, 2.378727, 0.2607414, -0.7047776, 2.365118, 0.2712523, -0.4204824, 2.449027, 0.2781972, -0.2106205, 2.504217, 0.07216689, -0.8718622, 2.427, 0.3996943, -0.7035687, 2.046724, 0.07423869, -0.8007559, 2.495496, 0.422077, -0.6212356, 2.142306
7, 2, 6, 63562202068829, 0, 1, 604850538727, 0.467233851682777, 2.388081, 138.251.213.82, 0, 100, 0.1894563, -1.490109, 2.489046, 0.4204599, -1.492779, 2.30574, 0.161875, -0.4512439, 2.53963, 0.4640955, -0.511203, 2.189973, 0.1216409, -1.569459, 2.439131, 0.3636523, -1.559656, 2.233234, 0.03983942, -0.7765428, 2.4622, 0.3959422, -0.774676, 2.113184, 0.03396012, -0.8386059, 2.43603, 0.3747644, -0.8460834, 2.109867, 0.3219251, 0.07331723, 2.300925, 0.2355055, -0.7269552, 2.374345, 0.3285657, -0.7381395, 2.243666, 0.2000446, -1.166727, 2.460932, 0.3808759, -1.161678, 2.285971, 0.3112332, -0.07831508, 2.369623, 0.2101604, -0.2096303, 2.487259, 0.4247784, -0.2104656, 2.223736, 0.3209718, -0.7355897, 2.310758, 0.3229466, -0.4016877, 2.341084, 0.3165694, -0.1576996, 2.36275, 0.02581728, -0.7795646, 2.423764, 0.3812849, -0.846952, 2.125719, 0.06061956, -0.6988999, 2.487121, 0.4220323, -0.7247827, 2.125349
7, 2, 6, 63562202068849, 0, 0, 268268089019, -0.877689499178534, 2.329251, 138.251.207.136, 0, 100, 0.3140934, -1.424983, 2.258561, 0.4855817, -1.391515, 2.117212, 0.1369982, -0.5743424, 2.593422, 0.4627775, -0.4394098, 2.277344, 0.3345861, -1.470633, 2.131772, 0.4075708, -1.472682, 2.089899, 0.05609839, -0.8638889, 2.453347, 0.3879559, -0.6989916, 2.083951, 0.05424839, -0.9218531, 2.433706, 0.3616464, -0.7513436, 2.039278, 0.2197209, -0.005795717, 2.578861, 0.2045831, -0.7084621, 2.379177, 0.3098614, -0.6812467, 2.284919, 0.1527183, -1.076786, 2.325073, 0.3980516, -1.01552, 2.108377, 0.2803043, -0.1415522, 2.519409, 0.1678796, -0.2863607, 2.666273, 0.3913626, -0.2380238, 2.378848, 0.2607838, -0.7048185, 2.365239, 0.2713118, -0.4205082, 2.449069, 0.2782864, -0.2106502, 2.504216, 0.06388354, -0.849984, 2.413706, 0.3996525, -0.7041267, 2.04687, 0.07437459, -0.8008808, 2.495531, 0.4221724, -0.6212926, 2.142357
7, 2, 6, 63562202068849, 0, 1, 604851207953, 0.467233851682777, 2.388081, 138.251.213.82, 0, 100, 0.1895426, -1.490219, 2.488961, 0.4204187, -1.492763, 2.305609, 0.1622036, -0.451068, 2.539705, 0.4640166, -0.5113074, 2.190145, 0.1216336, -1.569503, 2.43898, 0.3636159, -1.559627, 2.233089, 0.03941424, -0.7767752, 2.462084, 0.3964873, -0.7746829, 2.112775, 0.0321984, -0.8368579, 2.439903, 0.378821, -0.8445752, 2.110848, 0.32217, 0.07331353, 2.301105, 0.2356769, -0.7269938, 2.374505, 0.3285459, -0.7381392, 2.243673, 0.1999501, -1.166197, 2.46091, 0.3808876, -1.161604, 2.285972, 0.3113173, -0.07828921, 2.369754, 0.210291, -0.2096875, 2.487367, 0.4248571, -0.2105314, 2.22384, 0.3209977, -0.7355986, 2.310801, 0.3230042, -0.4016821, 2.341164, 0.3166491, -0.1576797, 2.362868, 0.0371872, -0.7790266, 2.421497, 0.3755257, -0.7846395, 2.138504, 0.06071641, -0.6990423, 2.487184, 0.422654, -0.7249544, 2.125427
