Study_Id, Kinect_Config, Scenario_Id, Tracker_Time, Person_Id, Skeleton_Id, Skeleton_Time, Skeleton_Init_Angle, Skeleton_Init_Dist, Kinect_Id, Kinect_Tilt_Angle, Kinect_Height, AnkleLeft_X, AnkleLeft_Y, AnkleLeft_Z, AnkleRight_X, AnkleRight_Y, AnkleRight_Z, ElbowLeft_X, ElbowLeft_Y, ElbowLeft_Z, ElbowRight_X, ElbowRight_Y, ElbowRight_Z, FootLeft_X, FootLeft_Y, FootLeft_Z, FootRight_X, FootRight_Y, FootRight_Z, HandLeft_X, HandLeft_Y, HandLeft_Z, HandRight_X, HandRight_Y, HandRight_Z, HandTipLeft_X, HandTipLeft_Y, HandTipLeft_Z, HandTipRight_X, HandTipRight_Y, HandTipRight_Z, Head_X, Head_Y, Head_Z, HipLeft_X, HipLeft_Y, HipLeft_Z, HipRight_X, HipRight_Y, HipRight_Z, KneeLeft_X, KneeLeft_Y, KneeLeft_Z, KneeRight_X, KneeRight_Y, KneeRight_Z, Neck_X, Neck_Y, Neck_Z, ShoulderLeft_X, ShoulderLeft_Y, ShoulderLeft_Z, ShoulderRight_X, ShoulderRight_Y, ShoulderRight_Z, SpineBase_X, SpineBase_Y, SpineBase_Z, SpineMid_X, SpineMid_Y, SpineMid_Z, SpineShoulder_X, SpineShoulder_Y, SpineShoulder_Z, ThumbLeft_X, ThumbLeft_Y, ThumbLeft_Z, ThumbRight_X, ThumbRight_Y, ThumbRight_Z, WristLeft_X, WristLeft_Y, WristLeft_Z, WristRight_X, WristRight_Y, WristRight_Z
12, 2, 6, 63562208700846, 0, 0, 334593332747, -1.21454909022435, 2.359807, 138.251.207.136, 0, 100, 0.3399553, -0.9885768, 2.485103, 0.4071615, -0.9424271, 2.298512, 0.2039828, 0.05723844, 2.65736, 0.3771434, 0.08721517, 2.217244, 0.3857293, -0.9704022, 2.348116, 0.3389456, -0.988484, 2.268314, 0.3143305, -0.02846971, 2.281944, 0.2946218, -0.2088984, 2.202407, 0.3779787, -0.05297728, 2.194221, 0.2603474, -0.2718007, 2.198547, 0.2883115, 0.5721387, 2.479531, 0.2647172, -0.09934416, 2.43696, 0.3061696, -0.09389809, 2.381694, 0.30062, -0.6510739, 2.536546, 0.3624873, -0.6311972, 2.307578, 0.3439596, 0.4575033, 2.419169, 0.2449338, 0.3380067, 2.631228, 0.3751054, 0.3215515, 2.281303, 0.2895702, -0.09807674, 2.444798, 0.3178543, 0.1841649, 2.438142, 0.3378094, 0.3904182, 2.426153, 0.2811245, -0.08495144, 2.256983, 0.3477034, -0.2167385, 2.22927, 0.3098394, -0.0154366, 2.379931, 0.3134948, -0.1336624, 2.188955
12, 2, 6, 63562208700846, 0, 1, 671173164187, 0.0452693600267108, 2.365614, 138.251.213.82, 0, 100, 0.3119923, -0.8966783, 2.462915, 0.3782152, -0.88449, 2.298054, 0.2786132, 0.1030797, 2.5667, 0.4283461, 0.08926578, 2.181455, 0.2435673, -0.9788355, 2.444139, 0.3040332, -0.9560605, 2.252016, 0.2081541, -0.1568248, 2.531189, 0.3273711, -0.1831198, 2.157645, 0.1915235, -0.2414925, 2.526509, 0.3057513, -0.2644533, 2.164035, 0.3778876, 0.6309872, 2.35419, 0.3002742, -0.1490457, 2.427715, 0.3487798, -0.1473307, 2.281146, 0.2928267, -0.552942, 2.451925, 0.3495535, -0.5383849, 2.283562, 0.3701373, 0.4856516, 2.386601, 0.3104504, 0.3637624, 2.535134, 0.4331734, 0.3514599, 2.213576, 0.363415, -0.1517542, 2.359814, 0.3737225, 0.172022, 2.374391, 0.3734862, 0.4086349, 2.383962, 0.2080602, -0.1579111, 2.48712, 0.2812009, -0.1933901, 2.193873, 0.2132344, -0.1120832, 2.546597, 0.3489831, -0.1282887, 2.151556
12, 2, 6, 63562208700884, 0, 0, 334593662019, -1.21454909022435, 2.359807, 138.251.207.136, 0, 100, 0.3399502, -0.9885465, 2.485024, 0.4071285, -0.9424207, 2.298534, 0.2039255, 0.05728652, 2.657093, 0.3771441, 0.08717625, 2.217196, 0.3050512, -1.017455, 2.384129, 0.3389165, -0.9884791, 2.26842, 0.3141568, -0.0280339, 2.280208, 0.2943152, -0.2086613, 2.200982, 0.3768386, -0.05342418, 2.19492, 0.2613444, -0.2712964, 2.194641, 0.2882976, 0.5722328, 2.479123, 0.2647452, -0.09919599, 2.436852, 0.3062129, -0.09373681, 2.381519, 0.3007353, -0.6523654, 2.535023, 0.3624548, -0.6312178, 2.307511, 0.3439023, 0.4575529, 2.418902, 0.2448764, 0.3380557, 2.630961, 0.3751139, 0.3215358, 2.281233, 0.2896108, -0.09791186, 2.444644, 0.3178544, 0.1842542, 2.437938, 0.3377685, 0.3904738, 2.425898, 0.2808286, -0.08452941, 2.256395, 0.3481411, -0.2154396, 2.229757, 0.309778, -0.0154088, 2.379666, 0.3137435, -0.1324335, 2.18861
12, 2, 6, 63562208700884, 0, 1, 671173494139, 0.0452693600267108, 2.365614, 138.251.213.82, 0, 100, 0.3123549, -0.8968911, 2.463271, 0.3782793, -0.8845977, 2.298053, 0.2786853, 0.103139, 2.566676, 0.4286487, 0.08932735, 2.181323, 0.2432789, -0.9787368, 2.443858, 0.3041692, -0.9563728, 2.25237, 0.2106956, -0.157249, 2.531537, 0.332435, -0.1825446, 2.158232, 0.1968242, -0.2408657, 2.527241, 0.3164122, -0.26364, 2.163547, 0.3780311, 0.631107, 2.354012, 0.3002788, -0.1490156, 2.427696, 0.3490068, -0.1472843, 2.281202, 0.2929636, -0.5529748, 2.451952, 0.3495568, -0.5384045, 2.283508, 0.3702103, 0.4856743, 2.386531, 0.3104967, 0.3639538, 2.534821, 0.4335145, 0.3515117, 2.213412, 0.3634856, -0.1517159, 2.359817, 0.3737943, 0.1720542, 2.374361, 0.3735587, 0.4086603, 2.383902, 0.2072719, -0.1601725, 2.486179, 0.286056, -0.1834988, 2.194269, 0.2133387, -0.1120355, 2.546631, 0.3491525, -0.128319, 2.151556
12, 2, 6, 63562208700921, 0, 0, 334594002751, -1.21454909022435, 2.359807, 138.251.207.136, 0, 100, 0.3398114, -0.9894729, 2.484092, 0.4071171, -0.9424434, 2.298499, 0.2041097, 0.05735549, 2.656821, 0.3771296, 0.08698978, 2.217111, 0.303999, -1.017956, 2.383366, 0.339047, -0.9886363, 2.268866, 0.3143043, -0.02817124, 2.279956, 0.2939779, -0.2086197, 2.201269, 0.3793694, -0.04979622, 2.197486, 0.2615311, -0.2714838, 2.196141, 0.2883832, 0.5722529, 2.47877, 0.2647011, -0.09899066, 2.436987, 0.3060533, -0.09331698, 2.381561, 0.3008339, -0.6528097, 2.534177, 0.3624514, -0.6309544, 2.307387, 0.3440889, 0.4576235, 2.41863, 0.245062, 0.3381256, 2.63069, 0.3751563, 0.3214965, 2.281154, 0.289521, -0.09761303, 2.444729, 0.317888, 0.1843589, 2.437876, 0.3379039, 0.3905527, 2.425694, 0.2811179, -0.08489685, 2.256822, 0.3469476, -0.218093, 2.228225, 0.3099601, -0.01536046, 2.379399, 0.3139432, -0.1321033, 2.188623
12, 2, 6, 63562208700921, 0, 1, 671173834994, 0.0452693600267108, 2.365614, 138.251.213.82, 0, 100, 0.3126543, -0.8967984, 2.463365, 0.3783063, -0.8846127, 2.298071, 0.2787381, 0.1031837, 2.566674, 0.4287153, 0.08938365, 2.181245, 0.2437065, -0.9786645, 2.443746, 0.3047221, -0.9567738, 2.252703, 0.2098922, -0.1561538, 2.532109, 0.3301638, -0.1837978, 2.157774, 0.1993206, -0.2415066, 2.52606, 0.312193, -0.264502, 2.164771, 0.378509, 0.6310816, 2.354183, 0.3003237, -0.1489646, 2.427639, 0.3490265, -0.1472801, 2.281152, 0.2930102, -0.5529107, 2.451881, 0.3496323, -0.5384067, 2.28348, 0.3704994, 0.485732, 2.386403, 0.3105612, 0.3639655, 2.534793, 0.4335415, 0.3515069, 2.213402, 0.3635193, -0.1516898, 2.359764, 0.3739278, 0.1720992, 2.374274, 0.3738053, 0.4087155, 2.383784, 0.2133772, -0.155393, 2.488723, 0.2858395, -0.1824561, 2.194455, 0.213469, -0.1119958, 2.546468, 0.3491683, -0.1283381, 2.151553
12, 2, 6, 63562208700982, 0, 0, 334594332840, -1.21454909022435, 2.359807, 138.251.207.136, 0, 100, 0.3398187, -0.9822775, 2.486822, 0.407254, -0.9425715, 2.298703, 0.2041376, 0.05731504, 2.65685, 0.377212, 0.08718218, 2.217157, 0.3083394, -1.018511, 2.389314, 0.3388159, -0.9883797, 2.268927, 0.3162518, -0.03004853, 2.284747, 0.2962503, -0.2073411, 2.201532, 0.3809701, -0.05045506, 2.199834, 0.2640165, -0.2719142, 2.195116, 0.2885248, 0.572239, 2.479139, 0.2647944, -0.0984889, 2.438642, 0.3060863, -0.09317004, 2.381667, 0.3008936, -0.6528405, 2.534199, 0.3624566, -0.6309226, 2.307399, 0.3441171, 0.4575825, 2.418659, 0.2450901, 0.3380848, 2.630718, 0.3752711, 0.3214442, 2.281286, 0.2895859, -0.09730249, 2.445339, 0.3179366, 0.1843931, 2.438051, 0.3379339, 0.390523, 2.42574, 0.4103441, -0.08744889, 2.290667, 0.3481916, -0.2143129, 2.228902, 0.3099904, -0.01541512, 2.379431, 0.314969, -0.1300346, 2.188652
12, 2, 6, 63562208700982, 0, 1, 671174164118, 0.0452693600267108, 2.365614, 138.251.213.82, 0, 100, 0.3125357, -0.8969206, 2.463258, 0.3782933, -0.8845784, 2.298012, 0.2787692, 0.1031924, 2.566692, 0.4287424, 0.08940051, 2.18123, 0.2407879, -0.9779548, 2.44521, 0.3048975, -0.9571466, 2.253328, 0.2099895, -0.1567825, 2.531354, 0.3310606, -0.1828854, 2.157929, 0.1999784, -0.2425212, 2.525217, 0.3163109, -0.2644005, 2.164086, 0.378159, 0.630979, 2.35403, 0.3003239, -0.1489632, 2.427637, 0.3490107, -0.1472626, 2.281147, 0.2930193, -0.5529057, 2.451876, 0.3496995, -0.5383459, 2.283481, 0.3705147, 0.4857306, 2.3864, 0.310659, 0.364006, 2.534715, 0.4336365, 0.351634, 2.213288, 0.3635162, -0.151683, 2.359761, 0.3739322, 0.1721023, 2.374272, 0.3738175, 0.4087158, 2.383781, 0.193454, -0.1655567, 2.488552, 0.2859481, -0.1832605, 2.19419, 0.2134629, -0.1119722, 2.546433, 0.3492015, -0.1284053, 2.151529
12, 2, 6, 63562208701001, 0, 0, 334594661992, -1.21454909022435, 2.359807, 138.251.207.136, 0, 100, 0.3398488, -0.9828051, 2.486404, 0.407344, -0.9426225, 2.298731, 0.2043353, 0.05700071, 2.656922, 0.3772091, 0.08712254, 2.216939, 0.3100413, -1.021123, 2.389831, 0.3389051, -0.988418, 2.269309, 0.3145534, -0.02925001, 2.281522, 0.2961066, -0.2080474, 2.200324, 0.381294, -0.05026551, 2.200255, 0.2628879, -0.2717218, 2.197208, 0.2887525, 0.5719277, 2.479223, 0.2648022, -0.09847392, 2.438674, 0.3060689, -0.09307767, 2.381699, 0.300896, -0.6529301, 2.534134, 0.3626183, -0.6324357, 2.307464, 0.3443168, 0.4572648, 2.418731, 0.2452891, 0.3377683, 2.630791, 0.3753212, 0.3214261, 2.28129, 0.2895851, -0.0972527, 2.445378, 0.317985, 0.1843471, 2.438088, 0.3380896, 0.3902891, 2.425802, 0.2808149, -0.08628616, 2.257847, 0.3479494, -0.2159657, 2.228195, 0.310193, -0.01576394, 2.379513, 0.3141451, -0.1314182, 2.188672
12, 2, 6, 63562208701001, 0, 1, 671174834916, 0.0452693600267108, 2.365614, 138.251.213.82, 0, 100, 0.3125348, -0.8969194, 2.463256, 0.3782784, -0.8848002, 2.297866, 0.278894, 0.1034116, 2.5666, 0.4287797, 0.08941926, 2.181195, 0.2390396, -0.9773895, 2.4463, 0.3032223, -0.956176, 2.252261, 0.2102761, -0.1563902, 2.531958, 0.3297568, -0.1830769, 2.157917, 0.1948439, -0.2411126, 2.527036, 0.3139904, -0.2640746, 2.163952, 0.3781568, 0.6307235, 2.354049, 0.3003245, -0.1489676, 2.427624, 0.3490535, -0.1472925, 2.281135, 0.2930831, -0.552721, 2.45178, 0.3496959, -0.5383192, 2.283442, 0.3705879, 0.4857143, 2.386296, 0.310651, 0.3639714, 2.534663, 0.4336825, 0.3516314, 2.213244, 0.3635325, -0.1516951, 2.359749, 0.3739758, 0.1720884, 2.374225, 0.3738835, 0.4087, 2.383693, 0.2085956, -0.1582875, 2.486857, 0.2867365, -0.1836893, 2.193861, 0.2135343, -0.1117431, 2.546391, 0.3492321, -0.1284301, 2.151495
12, 2, 6, 63562208701052, 0, 0, 334595002737, -1.21454909022435, 2.359807, 138.251.207.136, 0, 100, 0.3392553, -0.9827936, 2.481918, 0.4073371, -0.9424393, 2.298643, 0.2043759, 0.05710155, 2.656958, 0.3773329, 0.08712129, 2.216984, 0.29873, -1.037427, 2.489501, 0.3391543, -0.9885254, 2.268755, 0.3126061, -0.02742037, 2.282519, 0.2947556, -0.2071176, 2.200991, 0.3802743, -0.05167661, 2.198502, 0.2626443, -0.2714673, 2.195155, 0.2887201, 0.571992, 2.479217, 0.2647218, -0.09843184, 2.43874, 0.3058702, -0.09298952, 2.381894, 0.3502729, -0.6408402, 2.376283, 0.362555, -0.6320601, 2.307323, 0.3443577, 0.4573664, 2.418767, 0.24533, 0.3378697, 2.630826, 0.3753119, 0.3214054, 2.281219, 0.2894472, -0.09718189, 2.445514, 0.317964, 0.1844115, 2.43815, 0.3381135, 0.3903706, 2.425839, 0.2807524, -0.08609022, 2.257785, 0.3483015, -0.214425, 2.228843, 0.3102275, -0.01567926, 2.37955, 0.3145191, -0.1304615, 2.188684
12, 2, 6, 63562208701052, 0, 1, 671175164022, 0.0452693600267108, 2.365614, 138.251.213.82, 0, 100, 0.3123873, -0.8965329, 2.463655, 0.3782733, -0.8847162, 2.297757, 0.2791348, 0.1034053, 2.566561, 0.4288241, 0.08936428, 2.181154, 0.2398424, -0.977258, 2.445578, 0.3034626, -0.9563666, 2.252485, 0.2113189, -0.1569299, 2.531038, 0.3298644, -0.1815257, 2.156658, 0.1960803, -0.2412734, 2.527328, 0.310297, -0.2635549, 2.163733, 0.3781068, 0.6307958, 2.354073, 0.3003921, -0.1490045, 2.427514, 0.3491002, -0.1473202, 2.280999, 0.2931126, -0.5526799, 2.451739, 0.3496883, -0.5383818, 2.283403, 0.3706273, 0.4857036, 2.386253, 0.3108925, 0.363939, 2.534657, 0.4336549, 0.3515716, 2.213161, 0.3635944, -0.1517262, 2.359626, 0.3740313, 0.1720711, 2.374146, 0.3739279, 0.4086879, 2.383641, 0.21724, -0.1451796, 2.488153, 0.2890239, -0.1772069, 2.193536, 0.213689, -0.1117222, 2.546304, 0.3491961, -0.1284588, 2.151399
12, 2, 6, 63562208701067, 0, 0, 334595332741, -1.21454909022435, 2.359807, 138.251.207.136, 0, 100, 0.3403438, -0.9806494, 2.473439, 0.4074306, -0.942557, 2.298821, 0.2045132, 0.05719259, 2.656884, 0.3773482, 0.08713397, 2.216954, 0.2986612, -1.045453, 2.444982, 0.3388827, -0.9882464, 2.269175, 0.3159183, -0.02869175, 2.281356, 0.2944792, -0.2081923, 2.200912, 0.3765984, -0.05272897, 2.195238, 0.2613677, -0.2713013, 2.194641, 0.2887489, 0.5720229, 2.47911, 0.2647711, -0.09811038, 2.438183, 0.3058689, -0.0928678, 2.381761, 0.3512086, -0.6396464, 2.374002, 0.3625478, -0.6319503, 2.307346, 0.3444965, 0.4574586, 2.418693, 0.2454682, 0.3379615, 2.630753, 0.375312, 0.3214102, 2.281221, 0.2894673, -0.09696781, 2.445225, 0.3180566, 0.1845391, 2.437999, 0.3382421, 0.3904656, 2.425746, 0.4105232, -0.0874907, 2.291667, 0.3476541, -0.2153619, 2.229162, 0.3103609, -0.01560092, 2.379477, 0.3141812, -0.1319475, 2.188696
12, 2, 6, 63562208701067, 0, 1, 671175493960, 0.0452693600267108, 2.365614, 138.251.213.82, 0, 100, 0.3122817, -0.8965929, 2.463639, 0.3778231, -0.8850428, 2.297481, 0.2793484, 0.1034553, 2.566526, 0.4287154, 0.08973302, 2.18114, 0.2395921, -0.9771804, 2.444932, 0.3029646, -0.9565707, 2.25202, 0.2108681, -0.1560882, 2.531654, 0.3268795, -0.1815183, 2.156175, 0.1951317, -0.2414672, 2.525498, 0.3075143, -0.2638451, 2.164496, 0.378356, 0.6308197, 2.353997, 0.3003506, -0.1490246, 2.427444, 0.349025, -0.1473617, 2.280868, 0.2931376, -0.5527284, 2.451709, 0.3496618, -0.5383998, 2.283439, 0.3705942, 0.485696, 2.386249, 0.3111112, 0.3639938, 2.534642, 0.4334432, 0.3512935, 2.212901, 0.3635429, -0.1517543, 2.35953, 0.3739972, 0.1720588, 2.374112, 0.3738963, 0.4086798, 2.383631, 0.2093718, -0.1530652, 2.487837, 0.2924708, -0.1644741, 2.19297, 0.2138482, -0.1116571, 2.546278, 0.3489758, -0.1282575, 2.151124
12, 2, 6, 63562208701105, 0, 0, 334595661987, -1.21454909022435, 2.359807, 138.251.207.136, 0, 100, 0.3400335, -0.9815699, 2.476339, 0.4075362, -0.9425403, 2.298843, 0.2045245, 0.0572042, 2.656853, 0.3773938, 0.0874684, 2.217025, 0.2989019, -1.046542, 2.449502, 0.3389462, -0.9881712, 2.269589, 0.3147528, -0.02955925, 2.281141, 0.2946309, -0.207997, 2.200519, 0.3761762, -0.05348715, 2.194766, 0.2616113, -0.2715642, 2.196791, 0.2888078, 0.5720615, 2.479093, 0.2647415, -0.09788549, 2.438558, 0.305859, -0.0927692, 2.381796, 0.3014237, -0.6604981, 2.540606, 0.3625225, -0.6317431, 2.307378, 0.3445079, 0.4574704, 2.418662, 0.2454796, 0.3379732, 2.630722, 0.3753038, 0.3214691, 2.281227, 0.2894505, -0.09680437, 2.445393, 0.3180627, 0.1845789, 2.438018, 0.3382507, 0.3904783, 2.42573, 0.2812479, -0.08713387, 2.257286, 0.348029, -0.2133204, 2.229544, 0.3103717, -0.01559357, 2.379447, 0.3147459, -0.1300649, 2.18832
12, 2, 6, 63562208701105, 0, 1, 671175834791, 0.0452693600267108, 2.365614, 138.251.213.82, 0, 100, 0.3124272, -0.8968218, 2.463635, 0.3779103, -0.8850046, 2.297463, 0.2796261, 0.1032085, 2.566432, 0.4289818, 0.08951156, 2.181071, 0.1731488, -0.9289917, 2.417032, 0.3035619, -0.9570201, 2.252532, 0.2131553, -0.1571896, 2.532129, 0.3324609, -0.1820347, 2.157372, 0.205717, -0.24239, 2.530058, 0.3122725, -0.2638357, 2.163851, 0.3796425, 0.631026, 2.354029, 0.3003756, -0.1489414, 2.427366, 0.3492679, -0.1473278, 2.280896, 0.2932755, -0.5528369, 2.451737, 0.3497362, -0.5383608, 2.283412, 0.3710589, 0.4857632, 2.386273, 0.3112869, 0.3640094, 2.534645, 0.434017, 0.3512942, 2.212888, 0.3636425, -0.1516982, 2.3595, 0.3742532, 0.17213, 2.374097, 0.3743047, 0.4087495, 2.383642, 0.2168396, -0.1474281, 2.48825, 0.2899966, -0.179336, 2.193136, 0.2142099, -0.1119212, 2.546178, 0.3491697, -0.1283687, 2.151152
12, 2, 6, 63562208701139, 0, 0, 334596002719, -1.21454909022435, 2.359807, 138.251.207.136, 0, 100, 0.3399886, -0.9835029, 2.477854, 0.4075302, -0.9425238, 2.298852, 0.2045334, 0.05719222, 2.656871, 0.3774456, 0.08768404, 2.216945, 0.2969754, -1.045217, 2.426373, 0.3393368, -0.9885327, 2.27051, 0.3136249, -0.02779971, 2.281004, 0.2943179, -0.209046, 2.201194, 0.3792643, -0.05170263, 2.196023, 0.259945, -0.2713833, 2.195194, 0.2888229, 0.5720475, 2.479155, 0.2649013, -0.09754081, 2.439231, 0.3059765, -0.09221353, 2.380854, 0.3002931, -0.6500339, 2.538859, 0.3625315, -0.6315435, 2.307278, 0.3445169, 0.4574583, 2.41868, 0.2454886, 0.3379611, 2.63074, 0.3753337, 0.321466, 2.281158, 0.2895241, -0.09657247, 2.44537, 0.3180894, 0.1846222, 2.438027, 0.3382604, 0.3904759, 2.425741, 0.2811975, -0.08704701, 2.257288, 0.3478241, -0.2162325, 2.229298, 0.3103811, -0.01561044, 2.379465, 0.3137735, -0.1340648, 2.188444
12, 2, 6, 63562208701139, 0, 1, 671176163922, 0.0452693600267108, 2.365614, 138.251.213.82, 0, 100, 0.312411, -0.8967668, 2.463663, 0.3779655, -0.884993, 2.297482, 0.2797546, 0.1032142, 2.566442, 0.4293331, 0.08905704, 2.180885, 0.1731803, -0.928939, 2.416938, 0.3042178, -0.9574624, 2.252944, 0.212552, -0.1564761, 2.531993, 0.3343943, -0.1828356, 2.157195, 0.2014401, -0.2421087, 2.529541, 0.3180424, -0.2649092, 2.163098, 0.3798003, 0.6311076, 2.354023, 0.3004299, -0.1488966, 2.427316, 0.3496088, -0.1472776, 2.28089, 0.2934138, -0.5526941, 2.451765, 0.349905, -0.5388951, 2.283372, 0.3712187, 0.4858007, 2.386207, 0.311328, 0.3639618, 2.534605, 0.4345205, 0.3515317, 2.212877, 0.3638124, -0.1516442, 2.359462, 0.3744307, 0.1721794, 2.374043, 0.3744707, 0.4087902, 2.383579, 0.2123204, -0.1562264, 2.487517, 0.2902052, -0.1718722, 2.194783, 0.2142169, -0.1118798, 2.54614, 0.3494843, -0.1286691, 2.151011
12, 2, 6, 63562208701178, 0, 0, 334596661955, -1.21454909022435, 2.359807, 138.251.207.136, 0, 100, 0.3386191, -0.9823301, 2.474798, 0.4075386, -0.9425036, 2.298866, 0.2045928, 0.05725844, 2.65664, 0.3773156, 0.08700468, 2.216543, 0.3073691, -1.025915, 2.383485, 0.3388548, -0.9879747, 2.270221, 0.3150574, -0.02785303, 2.276927, 0.2915302, -0.2140291, 2.199493, 0.3803588, -0.05090473, 2.200309, 0.2610717, -0.2777653, 2.197679, 0.2887443, 0.5720577, 2.478718, 0.2645105, -0.1041596, 2.429435, 0.3060809, -0.09689731, 2.380981, 0.3003879, -0.6524801, 2.530981, 0.3625375, -0.6305915, 2.306779, 0.3445774, 0.457526, 2.418448, 0.2455485, 0.3380283, 2.630509, 0.3751107, 0.3212911, 2.280434, 0.2894774, -0.1017554, 2.441855, 0.318193, 0.1832239, 2.4367, 0.338336, 0.3903763, 2.425354, 0.2783695, -0.0866138, 2.2503, 0.3470056, -0.2178201, 2.228534, 0.3104386, -0.01555805, 2.379235, 0.3115818, -0.1389231, 2.188609
12, 2, 6, 63562208701178, 0, 1, 671176163922, 0.0452693600267108, 2.365614, 138.251.213.82, 0, 100, 0.312411, -0.8967668, 2.463663, 0.3779655, -0.884993, 2.297482, 0.2797546, 0.1032142, 2.566442, 0.4293331, 0.08905704, 2.180885, 0.1731803, -0.928939, 2.416938, 0.3042178, -0.9574624, 2.252944, 0.212552, -0.1564761, 2.531993, 0.3343943, -0.1828356, 2.157195, 0.2014401, -0.2421087, 2.529541, 0.3180424, -0.2649092, 2.163098, 0.3798003, 0.6311076, 2.354023, 0.3004299, -0.1488966, 2.427316, 0.3496088, -0.1472776, 2.28089, 0.2934138, -0.5526941, 2.451765, 0.349905, -0.5388951, 2.283372, 0.3712187, 0.4858007, 2.386207, 0.311328, 0.3639618, 2.534605, 0.4345205, 0.3515317, 2.212877, 0.3638124, -0.1516442, 2.359462, 0.3744307, 0.1721794, 2.374043, 0.3744707, 0.4087902, 2.383579, 0.2123204, -0.1562264, 2.487517, 0.2902052, -0.1718722, 2.194783, 0.2142169, -0.1118798, 2.54614, 0.3494843, -0.1286691, 2.151011
12, 2, 6, 63562208701212, 0, 0, 334597002696, -1.21454909022435, 2.359807, 138.251.207.136, 0, 100, 0.338197, -0.9750969, 2.480011, 0.4074758, -0.9424511, 2.298884, 0.2047718, 0.05732948, 2.656706, 0.3772955, 0.08700265, 2.216528, 0.3117414, -1.023785, 2.391718, 0.3388591, -0.9879882, 2.27035, 0.3188271, -0.03206952, 2.278798, 0.2929085, -0.2132343, 2.201008, 0.3759009, -0.05361247, 2.19479, 0.2657457, -0.277507, 2.198984, 0.2887912, 0.5720546, 2.478725, 0.2649572, -0.1024276, 2.430863, 0.306181, -0.09629369, 2.380916, 0.3004501, -0.6526038, 2.531089, 0.3625692, -0.6304714, 2.306733, 0.344758, 0.4575973, 2.418514, 0.2457286, 0.3380996, 2.630574, 0.37516, 0.3213457, 2.280394, 0.2896852, -0.1008449, 2.442095, 0.3183514, 0.1834244, 2.436763, 0.3385036, 0.3904558, 2.425405, 0.4101052, -0.08739891, 2.289333, 0.347633, -0.2165223, 2.22913, 0.3106124, -0.0154973, 2.379301, 0.3119491, -0.136725, 2.188228
12, 2, 6, 63562208701212, 0, 1, 671176493888, 0.0452693600267108, 2.365614, 138.251.213.82, 0, 100, 0.3122307, -0.8965406, 2.463691, 0.3779671, -0.884985, 2.297451, 0.2797664, 0.1032277, 2.566431, 0.429373, 0.08931299, 2.180835, 0.1729999, -0.9287196, 2.416969, 0.3036768, -0.9572671, 2.253028, 0.210635, -0.1612714, 2.530161, 0.3297985, -0.1821954, 2.157202, 0.2014735, -0.2469389, 2.523111, 0.3134734, -0.2640058, 2.163926, 0.3800041, 0.6302283, 2.353591, 0.3004828, -0.1489753, 2.427509, 0.3495893, -0.1474112, 2.281101, 0.2933499, -0.5526899, 2.451746, 0.3498688, -0.5387238, 2.283359, 0.3712646, 0.4857103, 2.386091, 0.3113652, 0.3638939, 2.53458, 0.4345348, 0.3513853, 2.212857, 0.3638384, -0.1517484, 2.359667, 0.3744558, 0.1721245, 2.374058, 0.3745083, 0.4087152, 2.38351, 0.2118249, -0.1553224, 2.485665, 0.2892201, -0.1759669, 2.193872, 0.2148455, -0.1119465, 2.545272, 0.3495056, -0.1287131, 2.150994
12, 2, 6, 63562208701245, 0, 0, 334597332700, -1.21454909022435, 2.359807, 138.251.207.136, 0, 100, 0.3383899, -0.9774082, 2.479857, 0.4074402, -0.9425346, 2.29881, 0.2047873, 0.05738683, 2.65667, 0.3772681, 0.08700563, 2.216568, 0.3113573, -1.022558, 2.507397, 0.3385125, -0.9877311, 2.270319, 0.3173221, -0.03028318, 2.278687, 0.2931345, -0.2128867, 2.202338, 0.3780121, -0.05045809, 2.195784, 0.2658543, -0.2776147, 2.199834, 0.28879, 0.5721018, 2.478704, 0.2650189, -0.1030831, 2.430989, 0.3063214, -0.09698068, 2.38059, 0.3010965, -0.6560366, 2.52876, 0.3624993, -0.6301841, 2.306668, 0.3447737, 0.4576554, 2.418477, 0.2457443, 0.3381574, 2.630538, 0.3751653, 0.3213867, 2.280364, 0.2897921, -0.1015071, 2.441905, 0.3183997, 0.1832373, 2.436649, 0.3385192, 0.3904632, 2.425368, 0.4100575, -0.08637194, 2.289062, 0.3480273, -0.2160219, 2.229221, 0.3106273, -0.01544781, 2.379265, 0.3124157, -0.1351895, 2.187973
12, 2, 6, 63562208701245, 0, 1, 671176834722, 0.0452693600267108, 2.365614, 138.251.213.82, 0, 100, 0.3130105, -0.8969613, 2.463807, 0.3780589, -0.8849476, 2.297412, 0.2799066, 0.1032111, 2.566403, 0.4297637, 0.0893869, 2.180842, 0.1738695, -0.9291121, 2.416823, 0.3058894, -0.9593169, 2.255605, 0.2123778, -0.1594404, 2.529588, 0.3360674, -0.1819137, 2.157698, 0.2021144, -0.241893, 2.526668, 0.3208013, -0.2589945, 2.159529, 0.3806994, 0.6303933, 2.35446, 0.3005642, -0.148881, 2.427552, 0.349728, -0.1473464, 2.281205, 0.2934478, -0.5527301, 2.451766, 0.350127, -0.53874, 2.283328, 0.3719389, 0.4857007, 2.386355, 0.3118109, 0.3639039, 2.534602, 0.4358957, 0.3517039, 2.212968, 0.3639559, -0.1516627, 2.359742, 0.3748014, 0.1721858, 2.374216, 0.375092, 0.408727, 2.383743, 0.2025151, -0.1753107, 2.48296, 0.2873223, -0.1890021, 2.19106, 0.2151654, -0.1120238, 2.545453, 0.3499463, -0.1289584, 2.151064
12, 2, 6, 63562208701283, 0, 0, 334597662009, -1.21454909022435, 2.359807, 138.251.207.136, 0, 100, 0.3388161, -0.9779407, 2.481073, 0.4074417, -0.9425775, 2.298755, 0.2048826, 0.05725746, 2.656728, 0.3771924, 0.08678091, 2.21652, 0.3087807, -1.031806, 2.400794, 0.3384233, -0.9876966, 2.269838, 0.3180781, -0.03154753, 2.280089, 0.2936307, -0.2129105, 2.203318, 0.3772453, -0.05428147, 2.197694, 0.2659391, -0.2773445, 2.204769, 0.2890084, 0.5720168, 2.478965, 0.2652695, -0.101335, 2.434013, 0.306389, -0.09629278, 2.380886, 0.3014477, -0.6563619, 2.52897, 0.3623883, -0.6310354, 2.306816, 0.3448699, 0.4575245, 2.418536, 0.2458401, 0.3380271, 2.630597, 0.3752241, 0.3214514, 2.280559, 0.2899333, -0.1004269, 2.442972, 0.3184936, 0.1833115, 2.436877, 0.3386056, 0.3903743, 2.425442, 0.4104297, -0.08900873, 2.291152, 0.3473063, -0.2158988, 2.228801, 0.3107246, -0.01558882, 2.379326, 0.3120226, -0.1362325, 2.188394
12, 2, 6, 63562208701283, 0, 1, 671177163821, 0.0452693600267108, 2.365614, 138.251.213.82, 0, 100, 0.3131152, -0.8969766, 2.463689, 0.3781063, -0.8849112, 2.297508, 0.2800592, 0.1031978, 2.566342, 0.4297734, 0.08969824, 2.18079, 0.173958, -0.9291265, 2.416747, 0.3048697, -0.9588705, 2.255789, 0.2112106, -0.1556827, 2.530495, 0.331375, -0.1813429, 2.156816, 0.1992626, -0.2420285, 2.52642, 0.3147643, -0.2630614, 2.162191, 0.3808122, 0.6302945, 2.354206, 0.3006418, -0.1488206, 2.427401, 0.3498572, -0.1472809, 2.281097, 0.2934457, -0.5527677, 2.451781, 0.3500876, -0.5385815, 2.28329, 0.3720298, 0.485674, 2.386287, 0.3119065, 0.3639312, 2.534627, 0.4358622, 0.3516642, 2.212936, 0.3640665, -0.1515975, 2.359611, 0.3749098, 0.1721978, 2.374121, 0.3751889, 0.4087085, 2.383667, 0.2071304, -0.1639175, 2.485227, 0.2889443, -0.1799913, 2.192622, 0.2153459, -0.1120609, 2.545614, 0.3499604, -0.1290186, 2.151023
12, 2, 6, 63562208701323, 0, 0, 334598002736, -1.21454909022435, 2.359807, 138.251.207.136, 0, 100, 0.3387463, -0.9768147, 2.481408, 0.4074344, -0.9425714, 2.298764, 0.2049606, 0.05722006, 2.65677, 0.3771643, 0.08729655, 2.216453, 0.3359375, -0.9833984, 2.359375, 0.3388123, -0.9880376, 2.271225, 0.317097, -0.02973734, 2.278885, 0.2934406, -0.2088833, 2.201672, 0.3773411, -0.04930133, 2.195428, 0.2616379, -0.2715942, 2.197041, 0.2890731, 0.5719702, 2.478992, 0.2653588, -0.101173, 2.434258, 0.3064286, -0.09611564, 2.381027, 0.3015227, -0.6552906, 2.528672, 0.3624672, -0.6315731, 2.306918, 0.3449486, 0.4574865, 2.418577, 0.2459186, 0.3379893, 2.630638, 0.3752881, 0.321429, 2.280515, 0.2900017, -0.1002444, 2.443146, 0.3185585, 0.1833248, 2.436947, 0.3386825, 0.3903398, 2.425484, 0.3914121, -0.08023366, 2.237715, 0.3481123, -0.2157559, 2.229504, 0.3108032, -0.01563199, 2.379369, 0.3124671, -0.1331697, 2.188
12, 2, 6, 63562208701323, 0, 1, 671177493809, 0.0452693600267108, 2.365614, 138.251.213.82, 0, 100, 0.3136665, -0.8971626, 2.463732, 0.3782451, -0.8844546, 2.297558, 0.2804134, 0.1033073, 2.566377, 0.4298972, 0.08963294, 2.180738, 0.1744707, -0.9293029, 2.416877, 0.3059595, -0.9590623, 2.256405, 0.2130927, -0.1556413, 2.530845, 0.3334445, -0.1801232, 2.15654, 0.1973721, -0.2417716, 2.525998, 0.3234684, -0.2643644, 2.161559, 0.3809147, 0.6302966, 2.354242, 0.3006539, -0.1487923, 2.4274, 0.349894, -0.1472673, 2.281103, 0.2935739, -0.5528697, 2.451763, 0.3501674, -0.5385001, 2.283229, 0.3722593, 0.485779, 2.386336, 0.3122368, 0.3639991, 2.534692, 0.435907, 0.351642, 2.212891, 0.3640931, -0.1515753, 2.359615, 0.3750253, 0.1722563, 2.374144, 0.375389, 0.4088008, 2.383708, 0.207764, -0.1625496, 2.485203, 0.2938358, -0.166361, 2.193079, 0.2155285, -0.1119101, 2.545681, 0.3500314, -0.1290149, 2.151064
12, 2, 6, 63562208701362, 0, 0, 334598332722, -1.21454909022435, 2.359807, 138.251.207.136, 0, 100, 0.3392108, -0.972567, 2.48986, 0.4074354, -0.9425986, 2.298777, 0.2049294, 0.05720229, 2.656737, 0.3771082, 0.08733587, 2.216431, 0.3141483, -1.014842, 2.394726, 0.3387329, -0.9879811, 2.271191, 0.3174493, -0.03103469, 2.276693, 0.2924717, -0.2126368, 2.201653, 0.3758385, -0.05368807, 2.196229, 0.2619125, -0.2778695, 2.199387, 0.2890656, 0.5719636, 2.478988, 0.2653043, -0.1002947, 2.434862, 0.306452, -0.09556986, 2.38102, 0.3013432, -0.6519007, 2.527713, 0.3624461, -0.6313431, 2.306846, 0.3449171, 0.4574687, 2.418545, 0.2458872, 0.3379715, 2.630606, 0.375351, 0.3215247, 2.280558, 0.2900016, -0.09953759, 2.443372, 0.3185405, 0.1834197, 2.436963, 0.3386642, 0.3903373, 2.425466, 0.4104906, -0.09060182, 2.2915, 0.3476216, -0.2166729, 2.229255, 0.3107697, -0.01565404, 2.379335, 0.3115695, -0.1354296, 2.188167
12, 2, 6, 63562208701362, 0, 1, 671178163746, 0.0452693600267108, 2.365614, 138.251.213.82, 0, 100, 0.3124504, -0.897494, 2.463739, 0.3782216, -0.8842388, 2.297502, 0.2804052, 0.10326, 2.566381, 0.4295278, 0.08975886, 2.180707, 0.2389331, -0.9772735, 2.441857, 0.306597, -0.9567707, 2.251168, 0.2085789, -0.156727, 2.530963, 0.3255647, -0.1802972, 2.156261, 0.19474, -0.241544, 2.526678, 0.3075476, -0.2631758, 2.163573, 0.3797567, 0.6298254, 2.353866, 0.3005798, -0.1488368, 2.427363, 0.3490571, -0.1474484, 2.280704, 0.2932566, -0.5528066, 2.451709, 0.349558, -0.5379136, 2.283091, 0.3717459, 0.4854257, 2.38616, 0.3120949, 0.363944, 2.534737, 0.4342525, 0.3510607, 2.212448, 0.3637624, -0.1516787, 2.359451, 0.3746419, 0.1720467, 2.373983, 0.374915, 0.4084865, 2.383535, 0.2071364, -0.1636771, 2.485382, 0.2903879, -0.1756721, 2.193053, 0.2153158, -0.1119017, 2.545652, 0.3493682, -0.128855, 2.150772
12, 2, 6, 63562208701378, 0, 0, 334598661977, -1.21454909022435, 2.359807, 138.251.207.136, 0, 100, 0.3386204, -0.9602337, 2.49677, 0.4073806, -0.9425352, 2.298711, 0.2049012, 0.0571426, 2.656774, 0.377119, 0.08732387, 2.21642, 0.3181916, -1.007849, 2.405026, 0.3387549, -0.9879901, 2.271266, 0.318922, -0.0302757, 2.277875, 0.2924372, -0.2091818, 2.200762, 0.3723095, -0.06092823, 2.193546, 0.2610425, -0.2717668, 2.197578, 0.2890956, 0.5719386, 2.479012, 0.2653063, -0.1011046, 2.435941, 0.3062736, -0.09548829, 2.38151, 0.3014079, -0.6525025, 2.529432, 0.3624251, -0.6310782, 2.306776, 0.3448886, 0.4574083, 2.418581, 0.2458588, 0.3379114, 2.630643, 0.3753791, 0.3213527, 2.280608, 0.2899035, -0.09976864, 2.444039, 0.3184881, 0.1832667, 2.43722, 0.3386321, 0.3902483, 2.425533, 0.4105008, -0.08962965, 2.291552, 0.3464683, -0.2172858, 2.228604, 0.3107405, -0.0157204, 2.379372, 0.3119757, -0.1338201, 2.188275
12, 2, 6, 63562208701378, 0, 1, 671178493751, 0.0452693600267108, 2.365614, 138.251.213.82, 0, 100, 0.3124458, -0.8973933, 2.463716, 0.378244, -0.8842697, 2.297759, 0.2805073, 0.1031304, 2.566388, 0.4294113, 0.0898525, 2.18075, 0.2395245, -0.9773508, 2.441443, 0.3049389, -0.9560061, 2.251268, 0.2108113, -0.1565791, 2.531183, 0.3275609, -0.1796056, 2.156451, 0.1963029, -0.2414034, 2.528367, 0.3150899, -0.2631373, 2.162816, 0.3795292, 0.6298482, 2.353812, 0.3005863, -0.1488769, 2.427393, 0.3489801, -0.1474871, 2.280714, 0.2932065, -0.5527987, 2.451675, 0.3495564, -0.5379083, 2.283085, 0.3716311, 0.4852484, 2.385931, 0.312371, 0.363987, 2.534844, 0.4339945, 0.350969, 2.212434, 0.3637378, -0.1517114, 2.359468, 0.3745954, 0.1719675, 2.37393, 0.3748217, 0.4083368, 2.383361, 0.2162467, -0.1491331, 2.487472, 0.3015643, -0.1584147, 2.193363, 0.2153032, -0.1119989, 2.545649, 0.3491758, -0.1288438, 2.150674
12, 2, 6, 63562208701414, 0, 0, 334599002731, -1.21454909022435, 2.359807, 138.251.207.136, 0, 100, 0.338853, -0.9607522, 2.496331, 0.4074198, -0.9426352, 2.298738, 0.2049021, 0.05712526, 2.656795, 0.3771532, 0.08738984, 2.216481, 0.318689, -1.008159, 2.404318, 0.3382451, -0.9875533, 2.270369, 0.3158966, -0.02974485, 2.2793, 0.2935678, -0.2082613, 2.201721, 0.3759161, -0.05680066, 2.196417, 0.260904, -0.2716132, 2.196315, 0.2891028, 0.5719268, 2.479011, 0.2653992, -0.101012, 2.435925, 0.3063545, -0.09522647, 2.381291, 0.3123136, -0.6181621, 2.452756, 0.3624561, -0.6312827, 2.306843, 0.3448895, 0.4573907, 2.418602, 0.2458597, 0.3378938, 2.630664, 0.3753421, 0.3213099, 2.280637, 0.2899987, -0.09960602, 2.443947, 0.3185062, 0.1832812, 2.437217, 0.338637, 0.3902383, 2.425542, 0.2807427, -0.08626202, 2.257308, 0.3472103, -0.2152233, 2.228812, 0.3107416, -0.01574102, 2.379393, 0.3123165, -0.1325088, 2.188355
12, 2, 6, 63562208701414, 0, 1, 671178834501, 0.0452693600267108, 2.365614, 138.251.213.82, 0, 100, 0.3123185, -0.8971304, 2.463503, 0.3782077, -0.8843009, 2.297796, 0.2805955, 0.1029844, 2.56643, 0.4293539, 0.08984919, 2.180742, 0.2391659, -0.9771, 2.441858, 0.3048241, -0.955887, 2.251074, 0.2118205, -0.1564098, 2.53157, 0.3291168, -0.1804595, 2.156274, 0.1999809, -0.242521, 2.525209, 0.3110254, -0.2637601, 2.161401, 0.3794345, 0.6299012, 2.353748, 0.3005573, -0.1489079, 2.427436, 0.349013, -0.1475321, 2.280801, 0.2932117, -0.5528114, 2.451678, 0.3495458, -0.5380368, 2.283076, 0.3716252, 0.4852383, 2.385941, 0.3122569, 0.3639643, 2.53483, 0.4339485, 0.3509386, 2.212448, 0.3637346, -0.151746, 2.359525, 0.3745928, 0.1719455, 2.373957, 0.3748168, 0.4083241, 2.383373, 0.2101552, -0.1589607, 2.486027, 0.2862352, -0.1815468, 2.193293, 0.2152867, -0.1121116, 2.545639, 0.3491479, -0.12884, 2.150677
12, 2, 6, 63562208701450, 0, 0, 334599332699, -1.21454909022435, 2.359807, 138.251.207.136, 0, 100, 0.3390844, -0.9633006, 2.49509, 0.407376, -0.9426193, 2.298686, 0.2048868, 0.05729356, 2.656568, 0.3770875, 0.087265, 2.216448, 0.2486871, -0.9934331, 2.430703, 0.3381304, -0.9874787, 2.269956, 0.3166631, -0.02965036, 2.277377, 0.292576, -0.2084013, 2.200577, 0.3753477, -0.05280411, 2.194901, 0.2608342, -0.271536, 2.195683, 0.2890762, 0.5720795, 2.478919, 0.2653502, -0.1004715, 2.435647, 0.3063709, -0.09519611, 2.381261, 0.3487702, -0.6418168, 2.380195, 0.3623908, -0.6305572, 2.306729, 0.3448744, 0.4575615, 2.418375, 0.2458444, 0.3380638, 2.630436, 0.3753573, 0.3212811, 2.2806, 0.2900067, -0.09939501, 2.443825, 0.3185115, 0.1834509, 2.437063, 0.3386311, 0.3903931, 2.42533, 0.4105232, -0.0874907, 2.291667, 0.3478072, -0.2155563, 2.228716, 0.3107259, -0.01558174, 2.379168, 0.3123277, -0.1324435, 2.188288
12, 2, 6, 63562208701450, 0, 1, 671179163642, 0.0452693600267108, 2.365614, 138.251.213.82, 0, 100, 0.3123284, -0.8971039, 2.463466, 0.378099, -0.884634, 2.297947, 0.2806413, 0.1029833, 2.566443, 0.4293609, 0.08983387, 2.18074, 0.2401889, -0.9778962, 2.444736, 0.3050407, -0.9564158, 2.251341, 0.2119609, -0.1559743, 2.5316, 0.3313637, -0.1799819, 2.157355, 0.1979757, -0.2415343, 2.527749, 0.3167532, -0.2636161, 2.160789, 0.3795084, 0.6298564, 2.353769, 0.3006247, -0.1489282, 2.427418, 0.3492397, -0.1475629, 2.280823, 0.2934055, -0.5531349, 2.451721, 0.3496608, -0.5381842, 2.283059, 0.3716222, 0.4851888, 2.385935, 0.3123572, 0.3640024, 2.534783, 0.4339628, 0.3508965, 2.212504, 0.3638662, -0.1517722, 2.35952, 0.3746381, 0.1719066, 2.373951, 0.374825, 0.4082799, 2.383367, 0.210295, -0.1590098, 2.486036, 0.2835455, -0.186094, 2.194521, 0.2152962, -0.1121013, 2.54565, 0.3491689, -0.1288719, 2.150699
12, 2, 6, 63562208701484, 0, 0, 334599662021, -1.21454909022435, 2.359807, 138.251.207.136, 0, 100, 0.3387711, -0.9581842, 2.495723, 0.4073077, -0.9426824, 2.29884, 0.2049017, 0.05740775, 2.656526, 0.3770487, 0.08720832, 2.216506, 0.3158968, -1.011749, 2.411413, 0.3380371, -0.9875147, 2.270073, 0.3177093, -0.02995194, 2.278929, 0.2931757, -0.2080534, 2.201559, 0.3755296, -0.05209516, 2.194188, 0.2616128, -0.2715742, 2.196891, 0.2890342, 0.5721605, 2.478899, 0.2652734, -0.1002028, 2.435555, 0.306324, -0.095051, 2.381401, 0.3488082, -0.6419434, 2.380194, 0.3623528, -0.6302575, 2.306817, 0.3448895, 0.457677, 2.418333, 0.2458595, 0.3381788, 2.630394, 0.3753816, 0.321327, 2.280627, 0.2899544, -0.09920506, 2.443854, 0.318504, 0.1835806, 2.437057, 0.3386421, 0.3904962, 2.425294, 0.4104909, -0.08748356, 2.291486, 0.3481548, -0.2069298, 2.228427, 0.3107401, -0.01547556, 2.379127, 0.3133134, -0.1304409, 2.188387
12, 2, 6, 63562208701484, 0, 1, 671179493619, 0.0452693600267108, 2.365614, 138.251.213.82, 0, 100, 0.3119931, -0.8971172, 2.463444, 0.3780618, -0.8848165, 2.297944, 0.280611, 0.1030288, 2.566485, 0.4292935, 0.08981089, 2.18075, 0.2396038, -0.9777613, 2.444346, 0.3048911, -0.9564953, 2.251236, 0.2103014, -0.1570502, 2.530979, 0.3289284, -0.1803515, 2.156156, 0.1987077, -0.2424832, 2.528122, 0.3152692, -0.2640211, 2.162941, 0.3791669, 0.6297276, 2.35366, 0.300566, -0.1489689, 2.427437, 0.3491417, -0.1475848, 2.280855, 0.2931102, -0.5529597, 2.451586, 0.3496456, -0.5382038, 2.283079, 0.371536, 0.485177, 2.385912, 0.3123387, 0.3639962, 2.534811, 0.433786, 0.3508756, 2.212396, 0.3637898, -0.151805, 2.359545, 0.3745689, 0.1718839, 2.373952, 0.374745, 0.4082647, 2.383349, 0.2100249, -0.1589633, 2.485992, 0.2887483, -0.1872236, 2.189982, 0.2151482, -0.1120171, 2.545601, 0.349001, -0.1288604, 2.150611
12, 2, 6, 63562208701520, 0, 0, 334600002721, -1.21454909022435, 2.359807, 138.251.207.136, 0, 100, 0.3386849, -0.9693929, 2.489429, 0.4072626, -0.9423701, 2.298878, 0.2048069, 0.05735843, 2.656583, 0.3770273, 0.08736196, 2.21647, 0.248298, -0.999433, 2.425051, 0.3384048, -0.9876674, 2.269892, 0.3182106, -0.03110261, 2.278197, 0.2941107, -0.2082083, 2.200094, 0.3750475, -0.05876552, 2.194838, 0.2611475, -0.2710866, 2.192941, 0.2890304, 0.5721619, 2.478986, 0.2652247, -0.09980859, 2.435896, 0.3063213, -0.09470434, 2.381537, 0.3488191, -0.641809, 2.380195, 0.3623604, -0.6318294, 2.306987, 0.3447936, 0.457627, 2.418389, 0.245764, 0.338129, 2.630451, 0.3753894, 0.321328, 2.280641, 0.2899324, -0.09881277, 2.444083, 0.3184528, 0.1836538, 2.437152, 0.3385705, 0.3904717, 2.425348, 0.2800643, -0.08795806, 2.257727, 0.3477708, -0.2143169, 2.229158, 0.3106448, -0.01552907, 2.379183, 0.3135727, -0.1299489, 2.188426
12, 2, 6, 63562208701520, 0, 1, 671179834447, 0.0452693600267108, 2.365614, 138.251.213.82, 0, 100, 0.3123831, -0.89737, 2.463563, 0.3781089, -0.8847343, 2.298031, 0.2806045, 0.1030238, 2.566486, 0.4293131, 0.08976139, 2.180731, 0.2412944, -0.9785675, 2.444884, 0.3057369, -0.9571459, 2.252107, 0.212377, -0.156041, 2.53159, 0.3319021, -0.1810982, 2.157636, 0.2009512, -0.2420398, 2.529428, 0.3168051, -0.264567, 2.161719, 0.3794797, 0.6298487, 2.353851, 0.3005828, -0.1489486, 2.427421, 0.3492364, -0.1475749, 2.280859, 0.2933101, -0.5532663, 2.451637, 0.3497888, -0.5387728, 2.283203, 0.3721832, 0.4853839, 2.386201, 0.3124105, 0.3638675, 2.534893, 0.4339474, 0.3509012, 2.212468, 0.3638335, -0.1517887, 2.359536, 0.3748318, 0.1719647, 2.37403, 0.375281, 0.4084329, 2.383572, 0.2155247, -0.1493011, 2.486827, 0.2893867, -0.1797101, 2.192875, 0.2151405, -0.1120223, 2.545635, 0.3491819, -0.1288025, 2.150671
12, 2, 6, 63562208701560, 0, 0, 334600332695, -1.21454909022435, 2.359807, 138.251.207.136, 0, 100, 0.3389372, -0.969721, 2.489812, 0.4073855, -0.9424211, 2.299028, 0.2047268, 0.05721353, 2.656648, 0.3770241, 0.08736153, 2.216506, 0.3352051, -0.9907227, 2.371094, 0.3385587, -0.9877478, 2.270165, 0.3168287, -0.03102438, 2.281941, 0.2947598, -0.2071144, 2.202456, 0.3760497, -0.05423765, 2.195115, 0.2639908, -0.2718727, 2.194783, 0.2890678, 0.5720882, 2.479013, 0.2654315, -0.09929942, 2.437608, 0.3064091, -0.0946691, 2.381474, 0.3026636, -0.6649654, 2.540585, 0.3623067, -0.6325111, 2.307081, 0.3447127, 0.4574805, 2.418455, 0.2456834, 0.3379831, 2.630517, 0.3753717, 0.3213446, 2.28079, 0.2900676, -0.09864538, 2.444424, 0.3184607, 0.1836358, 2.437288, 0.3385198, 0.3903605, 2.425422, 0.4103114, -0.09056228, 2.2905, 0.3476285, -0.2145297, 2.22908, 0.3105634, -0.01568076, 2.379249, 0.3135967, -0.1299026, 2.188541
12, 2, 6, 63562208701560, 0, 1, 671180163556, 0.0452693600267108, 2.365614, 138.251.213.82, 0, 100, 0.3120471, -0.8974023, 2.463514, 0.3781211, -0.8839761, 2.297745, 0.2806011, 0.1030229, 2.566481, 0.4290262, 0.08969797, 2.180741, 0.2386321, -0.9779443, 2.447031, 0.3017511, -0.9543664, 2.251386, 0.2094205, -0.161393, 2.530133, 0.3280734, -0.1791273, 2.15672, 0.1934094, -0.2457138, 2.52271, 0.3154606, -0.2643801, 2.161653, 0.3790869, 0.6299232, 2.353874, 0.3003229, -0.1491109, 2.427319, 0.3491495, -0.1476267, 2.280797, 0.2932296, -0.5533543, 2.451617, 0.3496204, -0.5385678, 2.283136, 0.3715641, 0.4854454, 2.386392, 0.3122683, 0.363835, 2.534913, 0.4333402, 0.3509207, 2.212535, 0.3636729, -0.1518898, 2.359453, 0.3745423, 0.1719234, 2.37405, 0.3747659, 0.4084604, 2.383709, 0.2311742, -0.2064322, 2.523484, 0.2892683, -0.1792708, 2.192899, 0.2148825, -0.1118964, 2.544924, 0.3487073, -0.1287787, 2.150517
12, 2, 6, 63562208701663, 0, 0, 334600661989, -1.21454909022435, 2.359807, 138.251.207.136, 0, 100, 0.3378704, -0.9922203, 2.474828, 0.4073361, -0.9424547, 2.298955, 0.2044031, 0.05732159, 2.656382, 0.3768879, 0.08735429, 2.216473, 0.305092, -1.022168, 2.37378, 0.3384801, -0.9877045, 2.270877, 0.3141869, -0.02760069, 2.276979, 0.2919983, -0.2130227, 2.201696, 0.3742748, -0.05609411, 2.192964, 0.2616928, -0.2776492, 2.197687, 0.2886573, 0.5721682, 2.478642, 0.2650523, -0.09904677, 2.43623, 0.3063049, -0.09460566, 2.38128, 0.3495332, -0.6388621, 2.374338, 0.3622037, -0.6321259, 2.306973, 0.3443862, 0.4575909, 2.418189, 0.2453577, 0.3380925, 2.63025, 0.3752151, 0.3213486, 2.280536, 0.2898613, -0.09848341, 2.443869, 0.3182161, 0.1837637, 2.436934, 0.3382176, 0.3904597, 2.42513, 0.27947, -0.08426987, 2.254615, 0.3477758, -0.2147148, 2.229219, 0.31024, -0.01557933, 2.378983, 0.3120017, -0.1354381, 2.188614
12, 2, 6, 63562208701663, 0, 1, 671180493530, 0.0452693600267108, 2.365614, 138.251.213.82, 0, 100, 0.3120396, -0.8973005, 2.463567, 0.3781001, -0.8838714, 2.29773, 0.280676, 0.102993, 2.566453, 0.4287639, 0.08981748, 2.18075, 0.2389103, -0.9779605, 2.447104, 0.3021554, -0.9548866, 2.252219, 0.2104036, -0.1609491, 2.530497, 0.329062, -0.1803649, 2.156663, 0.1979843, -0.2463519, 2.523727, 0.3113297, -0.2637008, 2.163788, 0.3790433, 0.6299219, 2.353919, 0.300334, -0.149143, 2.427358, 0.3488367, -0.147616, 2.280797, 0.2931738, -0.5533266, 2.451602, 0.3496153, -0.5385847, 2.283132, 0.3714014, 0.4852201, 2.386371, 0.3122493, 0.3638021, 2.534943, 0.4330746, 0.350853, 2.212702, 0.3636029, -0.1519078, 2.359478, 0.3744443, 0.1718318, 2.374063, 0.3746221, 0.4082748, 2.383699, 0.2073535, -0.1642293, 2.485045, 0.3062524, -0.150512, 2.192868, 0.2148805, -0.1119274, 2.545159, 0.3486853, -0.1287637, 2.150537
12, 2, 6, 63562208701700, 0, 0, 334601002685, -1.21454909022435, 2.359807, 138.251.207.136, 0, 100, 0.3381481, -0.993179, 2.476489, 0.4072773, -0.9425299, 2.29897, 0.2044923, 0.05732621, 2.656608, 0.3768891, 0.08749183, 2.216548, 0.3234863, -0.9980469, 2.355469, 0.3385219, -0.9878538, 2.271389, 0.3192643, -0.03320423, 2.277664, 0.2955063, -0.2076084, 2.203253, 0.3753249, -0.05514716, 2.196158, 0.261494, -0.2720546, 2.196528, 0.2888154, 0.5721933, 2.479018, 0.2651712, -0.09868172, 2.437858, 0.3063079, -0.09437552, 2.381397, 0.3498248, -0.6394466, 2.377159, 0.3622023, -0.6321553, 2.306996, 0.3444758, 0.4575946, 2.418416, 0.2454473, 0.3380966, 2.630477, 0.3752869, 0.3214322, 2.28072, 0.2899032, -0.09812584, 2.444548, 0.3183037, 0.1839062, 2.437369, 0.3383072, 0.3904788, 2.425389, 0.2805673, -0.08655559, 2.256852, 0.3484305, -0.2126435, 2.22955, 0.3103271, -0.01557852, 2.379209, 0.313423, -0.1316771, 2.18921
12, 2, 6, 63562208701700, 0, 1, 671181493429, 0.0452693600267108, 2.365614, 138.251.213.82, 0, 100, 0.3116824, -0.8967752, 2.463516, 0.3774158, -0.8840331, 2.297505, 0.2807254, 0.1031111, 2.566466, 0.4285015, 0.08989219, 2.180766, 0.239888, -0.9779217, 2.446659, 0.301768, -0.9551391, 2.251912, 0.2106436, -0.1617032, 2.530818, 0.3310317, -0.1803778, 2.156725, 0.2011485, -0.2471737, 2.521228, 0.3120575, -0.2643357, 2.160507, 0.3787419, 0.6298253, 2.353893, 0.3005247, -0.1492884, 2.427424, 0.3486673, -0.1477355, 2.2807, 0.2929538, -0.553425, 2.451423, 0.349495, -0.5383955, 2.283221, 0.3706664, 0.4849548, 2.386103, 0.3118226, 0.3637984, 2.534846, 0.4326041, 0.3508849, 2.212801, 0.3636352, -0.151989, 2.359473, 0.3742293, 0.1716897, 2.373984, 0.3740499, 0.4080417, 2.383488, 0.2077979, -0.1611577, 2.485473, 0.2945144, -0.1729238, 2.192989, 0.2148671, -0.111805, 2.545353, 0.3485298, -0.128699, 2.150536
12, 2, 6, 63562208701715, 0, 0, 334601332676, -1.21454909022435, 2.359807, 138.251.207.136, 0, 100, 0.3383209, -0.9983231, 2.47856, 0.4072489, -0.9425362, 2.298911, 0.2044961, 0.05733214, 2.656591, 0.3767924, 0.08718856, 2.216494, 0.2989077, -1.018898, 2.375469, 0.338459, -0.9878095, 2.271502, 0.3181874, -0.03086042, 2.276379, 0.2927089, -0.2084005, 2.200969, 0.3750347, -0.05333354, 2.194696, 0.2558865, -0.2715269, 2.193433, 0.2888157, 0.5722066, 2.47892, 0.2649815, -0.09857132, 2.437185, 0.3061157, -0.09428823, 2.380924, 0.3009626, -0.6580917, 2.523016, 0.3621762, -0.6317593, 2.306896, 0.3444798, 0.4576007, 2.418399, 0.2454512, 0.3381026, 2.63046, 0.3752705, 0.3214753, 2.280675, 0.2897243, -0.09801432, 2.444061, 0.3182646, 0.1839501, 2.437218, 0.3383073, 0.3904873, 2.42535, 0.410583, -0.0874998, 2.292, 0.3463335, -0.2195773, 2.227805, 0.3103311, -0.01557378, 2.379192, 0.3128479, -0.133353, 2.189126
12, 2, 6, 63562208701715, 0, 1, 671181163470, 0.0452693600267108, 2.365614, 138.251.213.82, 0, 100, 0.3116258, -0.896933, 2.463579, 0.3773086, -0.8841132, 2.297418, 0.2806655, 0.1030362, 2.566437, 0.4285334, 0.08993919, 2.180758, 0.2388018, -0.9776798, 2.446764, 0.3017908, -0.9550731, 2.251406, 0.2090696, -0.1606134, 2.530217, 0.3268863, -0.1801706, 2.156883, 0.2004193, -0.2467908, 2.522872, 0.3107154, -0.2629715, 2.160784, 0.3787246, 0.6297711, 2.353894, 0.3004819, -0.1492653, 2.427421, 0.3485979, -0.1476838, 2.2807, 0.2929305, -0.5534686, 2.451426, 0.3494216, -0.5384352, 2.283208, 0.3707083, 0.4849637, 2.386096, 0.3118861, 0.3637996, 2.534899, 0.4326079, 0.3509238, 2.212785, 0.3635861, -0.1519518, 2.359472, 0.3742303, 0.1717008, 2.373981, 0.3740766, 0.4080518, 2.383483, 0.2127427, -0.1511572, 2.485051, 0.292689, -0.1719444, 2.193126, 0.2147898, -0.1118731, 2.545273, 0.3485443, -0.1287046, 2.150519
12, 2, 6, 63562208701746, 0, 0, 334601661998, -1.21454909022435, 2.359807, 138.251.207.136, 0, 100, 0.3449109, -0.9701548, 2.405964, 0.4072941, -0.9427005, 2.298813, 0.2044403, 0.05747665, 2.656392, 0.3767408, 0.08702128, 2.216457, 0.30626, -1.009313, 2.314552, 0.338728, -0.9882342, 2.27112, 0.3152137, -0.02945465, 2.280027, 0.2942245, -0.2087431, 2.202789, 0.3759637, -0.05678637, 2.196485, 0.2616785, -0.2716417, 2.197441, 0.288723, 0.5723214, 2.478845, 0.2650549, -0.09903806, 2.436728, 0.3060571, -0.0941522, 2.381003, 0.3502716, -0.6428279, 2.376274, 0.3620775, -0.6316456, 2.306948, 0.3444237, 0.4577474, 2.418198, 0.2453951, 0.3382486, 2.63026, 0.3752415, 0.3214804, 2.280637, 0.2897198, -0.09803145, 2.444037, 0.3182453, 0.1839819, 2.437143, 0.3382632, 0.3905901, 2.425184, 0.3944909, -0.06720426, 2.235571, 0.3477363, -0.2149395, 2.229186, 0.3102756, -0.0154345, 2.378992, 0.3130246, -0.1322864, 2.189072
12, 2, 6, 63562208701746, 0, 1, 671181834239, 0.0452693600267108, 2.365614, 138.251.213.82, 0, 100, 0.3121826, -0.8973287, 2.463778, 0.3777329, -0.8839112, 2.297734, 0.2808095, 0.1032635, 2.566476, 0.4284731, 0.0898837, 2.180784, 0.2374082, -0.9776097, 2.450733, 0.3017221, -0.9549394, 2.252324, 0.2104377, -0.1608857, 2.530748, 0.329864, -0.1804555, 2.157001, 0.1949949, -0.2462348, 2.521214, 0.3138641, -0.264385, 2.162854, 0.3783438, 0.6297885, 2.353842, 0.3005729, -0.1492998, 2.427492, 0.3487165, -0.1477305, 2.280795, 0.292976, -0.5534569, 2.451414, 0.3493548, -0.538315, 2.283249, 0.3706066, 0.4849532, 2.386139, 0.3118303, 0.3637637, 2.534835, 0.4325196, 0.3508069, 2.212749, 0.3636771, -0.1519951, 2.35955, 0.3742195, 0.1716847, 2.374024, 0.3740056, 0.4080389, 2.383524, 0.2101612, -0.1594295, 2.485856, 0.2918167, -0.1797675, 2.193245, 0.2149289, -0.1116601, 2.545508, 0.3485234, -0.1286988, 2.150539
12, 2, 6, 63562208701821, 0, 0, 334602332685, -1.21454909022435, 2.359807, 138.251.207.136, 0, 100, 0.352293, -0.9516103, 2.402585, 0.4072534, -0.9428288, 2.298974, 0.2043063, 0.05729362, 2.65685, 0.3767151, 0.08709486, 2.216766, 0.2616061, -0.9815, 2.338283, 0.3386508, -0.9883308, 2.271142, 0.314198, -0.02918129, 2.279067, 0.294248, -0.2086113, 2.203202, 0.3764534, -0.05285245, 2.196565, 0.2613869, -0.2713481, 2.195091, 0.2887537, 0.5722133, 2.479445, 0.2655211, -0.09810459, 2.438813, 0.3062247, -0.09373112, 2.381204, 0.3508411, -0.6276307, 2.383173, 0.3620245, -0.631613, 2.306906, 0.3442875, 0.4575609, 2.418657, 0.2452599, 0.3380634, 2.630718, 0.3750985, 0.3215442, 2.280996, 0.2900369, -0.0974027, 2.444905, 0.3183514, 0.1841994, 2.437796, 0.3381899, 0.3905011, 2.425673, 0.2802957, -0.08717769, 2.254333, 0.3468542, -0.2203976, 2.230321, 0.3101385, -0.01562671, 2.379449, 0.3128964, -0.1335127, 2.189568
12, 2, 6, 63562208701821, 0, 1, 671181834239, 0.0452693600267108, 2.365614, 138.251.213.82, 0, 100, 0.3121826, -0.8973287, 2.463778, 0.3777329, -0.8839112, 2.297734, 0.2808095, 0.1032635, 2.566476, 0.4284731, 0.0898837, 2.180784, 0.2374082, -0.9776097, 2.450733, 0.3017221, -0.9549394, 2.252324, 0.2104377, -0.1608857, 2.530748, 0.329864, -0.1804555, 2.157001, 0.1949949, -0.2462348, 2.521214, 0.3138641, -0.264385, 2.162854, 0.3783438, 0.6297885, 2.353842, 0.3005729, -0.1492998, 2.427492, 0.3487165, -0.1477305, 2.280795, 0.292976, -0.5534569, 2.451414, 0.3493548, -0.538315, 2.283249, 0.3706066, 0.4849532, 2.386139, 0.3118303, 0.3637637, 2.534835, 0.4325196, 0.3508069, 2.212749, 0.3636771, -0.1519951, 2.35955, 0.3742195, 0.1716847, 2.374024, 0.3740056, 0.4080389, 2.383524, 0.2101612, -0.1594295, 2.485856, 0.2918167, -0.1797675, 2.193245, 0.2149289, -0.1116601, 2.545508, 0.3485234, -0.1286988, 2.150539
